slug,name,service,related
4k-cctv-system,"4K CCTV System",cctv,hd-cctv-camera
24-hour-emergency-electrician,"24 Hour Emergency Electrician",electrical,electrician-near-me
access-control-card-programming,"Access Control Card Programming",access-control,access-control-installation
access-control-certification,"Access Control Certification",access-control,access-control-installation
access-control-engineers,"Access Control Engineers",access-control,access-control-installation
access-control-installation,"Access Control Installation",access-control,paxton-access
access-control-maintenance,"Access Control Maintenance",access-control,access-control-servicing
access-control-near-me,"Access Control Near Me",access-control,access-control-installation
access-control-panel,"Access Control Panel",access-control,paxton-access
access-control-repair,"Access Control Repair",access-control,access-control-servicing
access-control-servicing,"Access Control Servicing",access-control,access-control-maintenance
access-control-system,"Access Control System",access-control,door-access-control
access-control-system-design,"Access Control System Design",access-control,access-control-installation
access-control-upgrade,"Access Control Upgrade",access-control,fire-release-access-control
ackermann-nurse-call,"Ackermann Nurse Call",nurse-call,nurse-call-system
acoustic-dry-lining,"Acoustic Dry Lining",dry-lining,metal-stud-partition
additional-socket,"Additional Socket",electrical,socket-installation
addressable-fire-alarm,"Addressable Fire Alarm",fire-alarms,bs-5839-fire-alarm
addressable-fire-alarm-panel,"Addressable Fire Alarm Panel",fire-alarms,fire-alarm-panel
addressable-fire-alarm-system,"Addressable Fire Alarm System",fire-alarms,fire-alarm-panel
advanced-fire-alarm-panel,"Advanced Fire Alarm Panel",fire-alarms,fire-alarm-panel
advanced-fire-panel-service,"Advanced Fire Panel Service",fire-alarms,fire-alarm-panel
agent-compliance-support,"Agent Compliance Support",landlord-compliance,multi-property-landlord-package
ahu-commissioning,"AHU Commissioning",aov-air-handling,ahu-installation
ahu-controls-installation,"AHU Controls Installation",aov-air-handling,air-handling-unit-installation
ahu-electrical-control,"AHU Electrical Control",aov-air-handling,ahu-panel
ahu-installation,"AHU Installation",aov-air-handling,air-handling-unit-installation
ahu-inverter-drive,"AHU Inverter Drive",aov-air-handling,ahu-panel
ahu-panel,"AHU Panel",aov-air-handling,ahu-inverter-drive
aid-call-system,"Aid Call System",nurse-call,nurse-call-system
aiphone-door-entry,"Aiphone Door Entry",door-entry,door-entry-installation
aiphone-intercom,"Aiphone Intercom",intercoms,video-intercom
air-handling-system-repair,"Air Handling System Repair",aov-air-handling,air-handling-unit-maintenance
air-handling-unit-certification,"Air Handling Unit Certification",aov-air-handling,ahu-commissioning
air-handling-unit-installation,"Air Handling Unit Installation",aov-air-handling,ahu-installation
air-handling-unit-maintenance,"Air Handling Unit Maintenance",aov-air-handling,air-handling-unit-servicing
air-handling-unit-servicing,"Air Handling Unit Servicing",aov-air-handling,commercial-ahu-maintenance
ajax-alarm-installation,"Ajax Alarm Installation",intruder-alarm,intruder-alarm-installation
alarm-battery-replacement,"Alarm Battery Replacement",intruder-alarm,intruder-alarm-servicing
alarm-keypad-installation,"Alarm Keypad Installation",intruder-alarm,intruder-alarm-panel
alarm-keypad-replacement,"Alarm Keypad Replacement",intruder-alarm,grade-3-intruder-alarm
alarm-maintenance-contract,"Alarm Maintenance Contract",intruder-alarm,home-intruder-alarm
alarm-monitoring-setup,"Alarm Monitoring Setup",intruder-alarm,intruder-alarm-installation
alarm-panel-upgrade,"Alarm Panel Upgrade",intruder-alarm,burglar-alarm-service
alarm-system-design,"Alarm System Design",intruder-alarm,intruder-alarm-installation
alarm-system-upgrade,"Alarm System Upgrade",intruder-alarm,intruder-alarm-installation
annual-boiler-service,"Annual Boiler Service",gas-systems,boiler-service
annual-fire-risk-assessment,"Annual Fire Risk Assessment",fire-risk-assessments,fire-risk-assessment-update
annual-gas-safety-certificate,"Annual Gas Safety Certificate",gas-systems,landlord-gas-safety-certificate
annual-landlord-compliance,"Annual Landlord Compliance",landlord-compliance,new-tenancy-compliance-pack
anpr-camera-advice,"ANPR Camera Advice",cctv,retail-cctv-system
anpr-cctv-system,"ANPR CCTV System",cctv,commercial-cctv-system
ansul-style-kitchen-system-service,"Ansul Style Kitchen System Service",kitchen-fire-suppression,kitchen-suppression-certificate
aov-actuator,"AOV Actuator",aov-air-handling,aov-control-panel
aov-actuator-installation,"AOV Actuator Installation",aov-air-handling,aov-system
aov-actuator-replacement,"AOV Actuator Replacement",aov-air-handling,corridor-smoke-vent
aov-annual-service,"AOV Annual Service",aov-air-handling,aov-maintenance
aov-battery-backup,"AOV Battery Backup",aov-air-handling,aov-control-panel
aov-battery-replacement,"AOV Battery Replacement",aov-air-handling,aov-maintenance
aov-certification,"AOV Certification",aov-air-handling,bs-9991
aov-commissioning,"AOV Commissioning",aov-air-handling,aov-installation
aov-control-panel,"AOV Control Panel",aov-air-handling,aov-system
aov-engineer,"AOV Engineer",aov-air-handling,aov-near-me
aov-fault-finding,"AOV Fault Finding",aov-air-handling,aov-maintenance
aov-fire-alarm-interface,"AOV Fire Alarm Interface",aov-air-handling,aov-control-panel
aov-for-apartment-blocks,"AOV for Apartment Blocks",aov-air-handling,smoke-shaft-aov
aov-for-high-rise,"AOV for High Rise",aov-air-handling,smoke-control-system
aov-inspection,"AOV Inspection",aov-air-handling,aov-testing
aov-installation,"AOV Installation",aov-air-handling,aov-system
aov-maintenance,"AOV Maintenance",aov-air-handling,aov-servicing
aov-maintenance-contract,"AOV Maintenance Contract",aov-air-handling,aov-maintenance
aov-near-me,"AOV Near Me",aov-air-handling,aov-engineer
aov-panel-installation,"AOV Panel Installation",aov-air-handling,aov-system
aov-panel-replacement,"AOV Panel Replacement",aov-air-handling,smoke-control-system-maintenance
aov-repair,"AOV Repair",aov-air-handling,aov-engineer
aov-servicing,"AOV Servicing",aov-air-handling,aov-maintenance
aov-system,"AOV System",aov-air-handling,automatic-opening-vent
aov-system-design,"AOV System Design",aov-air-handling,aov-system
aov-system-installation,"AOV System Installation",aov-air-handling,aov-servicing
aov-testing,"AOV Testing",aov-air-handling,aov-inspection
aov-testing-and-certification,"AOV Testing and Certification",aov-air-handling,aov-maintenance
apartment-access-control,"Apartment Access Control",access-control,office-access-control
apartment-block-smoke-control,"Apartment Block Smoke Control",aov-air-handling,high-rise-aov-maintenance
apartment-door-entry,"Apartment Door Entry",door-entry,multi-tenant-door-entry
apartment-door-entry-system,"Apartment Door Entry System",door-entry,apartment-door-entry
apartment-fire-door,"Apartment Fire Door",fire-doors,fd60-fire-door
apartment-intercom-system,"Apartment Intercom System",intercoms,multi-tenant-intercom
apartment-kitchen-fitting,"Apartment Kitchen Fitting",kitchens,kitchen-remodel
apollo-fire-alarm,"Apollo Fire Alarm",fire-alarms,fire-alarm-panel
apollo-fire-detectors,"Apollo Fire Detectors",fire-alarms,fire-alarm-installation
architrave-installation,"Architrave Installation",joinery,skirting-boards-fitting
archive-room-suppression,"Archive Room Suppression",fire-suppression,data-centre-fire-suppression
artex-cover-up-plastering,"Artex Cover Up Plastering",plastering,landlord-plastering-repairs
asbestos-inspection,"Asbestos Inspection",asbestos-survey,asbestos-survey
asbestos-management-survey,"Asbestos Management Survey",asbestos-survey,asbestos-refurbishment-survey
asbestos-refurbishment-survey,"Asbestos Refurbishment Survey",asbestos-survey,asbestos-management-survey
asbestos-sample-testing,"Asbestos Sample Testing",asbestos-survey,asbestos-testing
asbestos-survey,"Asbestos Survey",asbestos-survey,asbestos-management-survey
asbestos-testing,"Asbestos Testing",asbestos-survey,asbestos-sample-testing
ascom-nurse-call,"Ascom Nurse Call",nurse-call,nurse-call-system
aspirating-smoke-detection,"Aspirating Smoke Detection",fire-alarms,fire-detection-system
assa-abloy-access-control,"ASSA ABLOY Access Control",access-control,access-control-installation
assembly-point-signs,"Assembly Point Signs",fire-signage,fire-action-notices
assisted-living-call-system,"Assisted Living Call System",nurse-call,nurse-call-system
audio-door-entry,"Audio Door Entry",door-entry,video-door-entry
audio-intercom,"Audio Intercom",intercoms,video-intercom
audio-intercom-repair,"Audio Intercom Repair",intercoms,audio-intercom
audio-intercom-system,"Audio Intercom System",intercoms,audio-intercom
automatic-emergency-lighting-test,"Automatic Emergency Lighting Test",emergency-lighting,self-testing-emergency-lighting
automatic-opening-vent,"Automatic Opening Vent",aov-air-handling,aov-system
automatic-opening-vent-installation,"Automatic Opening Vent Installation",aov-air-handling,aov-system
automatic-smoke-vent,"Automatic Smoke Vent",aov-air-handling,aov-system
axis-camera-installation,"Axis Camera Installation",cctv,cctv-installation
back-box-installation,"Back Box Installation",electrics-first-fix,cable-runs-first-fix
basement-tanking-support,"Basement Tanking Support",damp-proofing,condensation-control-works
bathroom-electrical-safety,"Bathroom Electrical Safety",electrical,electrical-safety-inspection
bathroom-extractor-fan-install,"Bathroom Extractor Fan Install",bathrooms,en-suite-installation
bathroom-fitting,"Bathroom Fitting",bathrooms,bathroom-installation
bathroom-installation,"Bathroom Installation",bathrooms,bathroom-fitting
bathroom-plumbing,"Bathroom Plumbing",plumbing,emergency-plumber
bathroom-plumbing-and-fit,"Bathroom Plumbing and Fit",bathrooms,commercial-washroom-fit-out
bathroom-refurbishment,"Bathroom Refurbishment",bathrooms,wet-room-installation
bathroom-rewire,"Bathroom Rewire",electrical,bathroom-electrical-safety
bathroom-suite-fitting,"Bathroom Suite Fitting",bathrooms,shower-installation
bathroom-tiling,"Bathroom Tiling",tiling,floor-tiling
bathroom-tiling-package,"Bathroom Tiling Package",bathrooms,bathroom-suite-fitting
bathroom-vinyl-flooring,"Bathroom Vinyl Flooring",flooring,kitchen-flooring-installation
bathroom-waterproofing,"Bathroom Waterproofing",bathrooms,bathroom-tiling-package
battery-storage-electrical,"Battery Storage Electrical",electrical,solar-panel-installation
beam-detection,"Beam Detection",fire-alarms,fire-detection-system
beam-detection-system,"Beam Detection System",fire-alarms,fire-alarm-installation
bedside-nurse-call,"Bedside Nurse Call",nurse-call,over-door-light-nurse-call
bespoke-kitchen-fitting,"Bespoke Kitchen Fitting",kitchens,kitchen-first-fix-coordination
bespoke-shelving,"Bespoke Shelving",joinery,window-board-fitting
bi-fold-door-support,"Bi Fold Door Support",windows-doors,french-door-installation
biometric-access-control,"Biometric Access Control",access-control,access-control-system
block-compartmentation-upgrade,"Block Compartmentation Upgrade",fire-compartmentation,landlord-compartmentation-survey
block-door-entry-upgrade,"Block Door Entry Upgrade",door-entry,door-entry-repair
block-fire-door-upgrade,"Block Fire Door Upgrade",fire-doors,landlord-fire-door-survey
block-maintenance-services,"Block Maintenance Services",building-maintenance,reactive-building-repairs
block-of-flats-door-entry,"Block of Flats Door Entry",door-entry,apartment-door-entry
block-of-flats-fire-risk-assessment,"Block of Flats Fire Risk Assessment",fire-risk-assessments,hmo-fire-risk-assessment
block-paving-installation,"Block Paving Installation",landscaping,garden-walling
blocked-waste-support,"Blocked Waste Support",plumbing,landlord-plumbing-repairs
blockwork-partitions,"Blockwork Partitions",brickwork,masonry-crack-repair
boiler,Boiler,gas-systems,boiler-installation
boiler-breakdown,"Boiler Breakdown",gas-systems,boiler-breakdown-repair
boiler-breakdown-repair,"Boiler Breakdown Repair",gas-systems,gas-boiler-servicing
boiler-cost,"Boiler Cost",gas-systems,boiler
boiler-install,"Boiler Install",gas-systems,boiler-installation
boiler-install-cost,"Boiler Install Cost",gas-systems,boiler-install
boiler-installation,"Boiler Installation",gas-systems,gas-boiler-installation
boiler-pressure-repair,"Boiler Pressure Repair",gas-systems,boiler-repair
boiler-repair,"Boiler Repair",gas-systems,gas-boiler-servicing
boiler-repair-cost,"Boiler Repair Cost",gas-systems,boiler-repair
boiler-repair-support,"Boiler Repair Support",heating,central-heating-upgrade
boiler-replacement,"Boiler Replacement",gas-systems,boiler-install
boiler-service,"Boiler Service",gas-systems,gas-boiler-servicing
boiler-service-cost,"Boiler Service Cost",gas-systems,annual-boiler-service
boiler-upgrade,"Boiler Upgrade",gas-systems,boiler-replacement
boxing-in-pipes,"Boxing In Pipes",joinery,architrave-installation
bpt-door-entry,"BPT Door Entry",door-entry,door-entry-system
brick-replacement,"Brick Replacement",brickwork,repointing-services
brickwork-repairs,"Brickwork Repairs",brickwork,repointing-services
bs-4737,"BS 4737",intruder-alarm,intruder-alarm-certification
bs-5266,"BS 5266",emergency-lighting,emergency-lighting-compliance
bs-5266-compliance-certificate,"BS 5266 Compliance Certificate",emergency-lighting,emergency-lighting-certificate
bs-5266-emergency-lighting,"BS 5266 Emergency Lighting",emergency-lighting,bs-5266
bs-5306-extinguisher-service,"BS 5306 Extinguisher Service",fire-extinguishers,fire-extinguisher-certificate
bs-5839,"BS 5839",fire-alarms,fire-alarm-certification
bs-5839-fire-alarm,"BS 5839 Fire Alarm",fire-alarms,bs-5839
bs-7671,"BS 7671",electrical,eicr
bs-7671-inspection,"BS 7671 Inspection",electrical,eicr
bs-8629-evacuation-alert,"BS 8629 Evacuation Alert",evacuation-alerts,vibrating-pillow-alarmer
bs-9991,"BS 9991",aov-air-handling,aov-certification
bs-9991-smoke-control,"BS 9991 Smoke Control",aov-air-handling,smoke-control-system
bs-iso-7010-signage,"BS ISO 7010 Signage",fire-signage,landlord-fire-signage
building-access-system,"Building Access System",access-control,access-control-installation
building-compliance-action-plan,"Building Compliance Action Plan",compliance-consultancy,landlord-compliance-consultancy
building-condition-survey,"Building Condition Survey",building-surveys,snagging-survey
building-control-loft-support,"Building Control Loft Support",loft-conversions,hip-to-gable-conversion-support
building-defect-remedial,"Building Defect Remedial",building-maintenance,communal-area-maintenance
building-maintenance-contract,"Building Maintenance Contract",building-maintenance,reactive-building-repairs
building-services-ppm,"Building Services PPM",facilities-management,fm-fire-safety-support
built-in-wardrobes,"Built In Wardrobes",joinery,custom-cupboards
bullet-camera-installation,"Bullet Camera Installation",cctv,cctv-installation
burglar-alarm-installation,"Burglar Alarm Installation",intruder-alarm,burglar-alarm-system
burglar-alarm-service,"Burglar Alarm Service",intruder-alarm,wired-intruder-alarm
burglar-alarm-system,"Burglar Alarm System",intruder-alarm,intruder-alarm-panel
business-intercom-system,"Business Intercom System",intercoms,intercom-system
business-premises-alarm,"Business Premises Alarm",intruder-alarm,commercial-intruder-alarm
business-security-cameras,"Business Security Cameras",cctv,commercial-cctv-system
c-tec-fire-alarm-panel,"C-Tec Fire Alarm Panel",fire-alarms,fire-alarm-panel
c-tec-fire-alarm-service,"C-Tec Fire Alarm Service",fire-alarms,fire-alarm-panel
cable-fire-stopping,"Cable Fire Stopping",fire-stopping,pipe-fire-stopping
cable-runs-first-fix,"Cable Runs First Fix",electrics-first-fix,consumer-unit-first-fix
canopy-suppression-install,"Canopy Suppression Install",kitchen-fire-suppression,kitchen-fire-suppression-system
car-park-barrier-access,"Car Park Barrier Access",access-control,access-control-installation
car-park-lighting-installation,"Car Park Lighting Installation",emergency-lighting,external-security-lighting
car-park-smoke-ventilation,"Car Park Smoke Ventilation",aov-air-handling,smoke-control-system
carbon-monoxide-alarm-installation,"Carbon Monoxide Alarm Installation",gas-systems,gas-safety-certificate
card-access-system,"Card Access System",access-control,paxton-net2-install
care-home-call-system,"Care Home Call System",nurse-call,care-home-nurse-call
care-home-emergency-lighting,"Care Home Emergency Lighting",emergency-lighting,emergency-lighting-installation
care-home-evacuation-alerts,"Care Home Evacuation Alerts",evacuation-alerts,inclusive-evacuation-system
care-home-fire-alarm,"Care Home Fire Alarm",fire-alarms,nurse-call-system
care-home-fire-risk-assessment,"Care Home Fire Risk Assessment",fire-risk-assessments,warehouse-fire-risk-assessment
care-home-nurse-call,"Care Home Nurse Call",nurse-call,residential-care-nurse-call
carpentry-services,"Carpentry Services",carpentry,first-fix-carpentry
carpet-preparation-works,"Carpet Preparation Works",flooring,engineered-wood-flooring
cat-a-fit-out-support,"Cat A Fit Out Support",commercial-fit-out,partition-fit-out
cat-b-fit-out-package,"Cat B Fit Out Package",commercial-fit-out,cat-a-fit-out-support
category-ld2-fire-alarm,"Category LD2 Fire Alarm",fire-alarms,landlord-fire-alarm
category-ld3-fire-alarm,"Category LD3 Fire Alarm",fire-alarms,landlord-fire-alarm
catering-fire-suppression-maintenance,"Catering Fire Suppression Maintenance",kitchen-fire-suppression,ansul-style-kitchen-system-service
cavity-barrier-installation,"Cavity Barrier Installation",fire-stopping,penetration-seals
cctv-cabling-installation,"CCTV Cabling Installation",cctv,cctv-installation
cctv-camera-installation,"CCTV Camera Installation",cctv,cctv-installation
cctv-certification,"CCTV Certification",cctv,cctv-compliance
cctv-compliance,"CCTV Compliance",cctv,cctv-certification
cctv-engineer,"CCTV Engineer",cctv,cctv-near-me
cctv-engineers-near-me,"CCTV Engineers Near Me",cctv,cctv-installation
cctv-for-business,"CCTV for Business",cctv,commercial-cctv-system
cctv-for-car-parks,"CCTV for Car Parks",cctv,commercial-cctv-system
cctv-for-care-homes,"CCTV for Care Homes",cctv,commercial-cctv-system
cctv-for-schools,"CCTV for Schools",cctv,commercial-cctv-system
cctv-hard-drive-upgrade,"CCTV Hard Drive Upgrade",cctv,nvr-installation
cctv-installation,"CCTV Installation",cctv,ip-cctv-system
cctv-maintenance,"CCTV Maintenance",cctv,cctv-servicing
cctv-monitoring,"CCTV Monitoring",cctv,remote-cctv-access
cctv-monitoring-setup,"CCTV Monitoring Setup",cctv,cctv-installation
cctv-near-me,"CCTV Near Me",cctv,cctv-engineer
cctv-recording,"CCTV Recording",cctv,cctv-monitoring
cctv-remote-viewing-setup,"CCTV Remote Viewing Setup",cctv,cctv-installation
cctv-repair,"CCTV Repair",cctv,cctv-engineer
cctv-servicing,"CCTV Servicing",cctv,cctv-testing
cctv-system-design,"CCTV System Design",cctv,cctv-installation
cctv-system-upgrade,"CCTV System Upgrade",cctv,anpr-camera-advice
cctv-testing,"CCTV Testing",cctv,cctv-servicing
cctv-upgrade,"CCTV Upgrade",cctv,cctv-installation
cdm-2015-compliance-support,"CDM 2015 Compliance Support",cdm-support,health-and-safety-file-support
cdm-handover-pack,"CDM Handover Pack",cdm-support,principal-contractor-support-small-sites
cdm-rams-coordination,"CDM RAMS Coordination",cdm-support,construction-phase-plan-support
cdm-support-small-works,"CDM Support Small Works",cdm-support,pre-construction-information-pack
ceiling-dry-lining,"Ceiling Dry Lining",dry-lining,plasterboard-partition-walls
ceiling-painting,"Ceiling Painting",painting-decorating,commercial-painting
ceiling-plastering,"Ceiling Plastering",plastering,full-room-plastering
central-battery-emergency-lighting,"Central Battery Emergency Lighting",emergency-lighting,emergency-lighting-inverter
central-heating-upgrade,"Central Heating Upgrade",heating,smart-thermostat-installation
ceramic-tile-fitting,"Ceramic Tile Fitting",tiling,porcelain-tile-installation
certified-electrician,"Certified Electrician",electrical,niceic-certified
change-of-use-fire-risk-assessment,"Change of Use Fire Risk Assessment",fire-risk-assessments,new-premises-fire-risk-assessment
chemical-dpc-injection,"Chemical DPC Injection",damp-proofing,landlord-damp-remedial
chimney-brickwork,"Chimney Brickwork",brickwork,opening-forming-brickwork
chimney-repairs,"Chimney Repairs",roofing,roof-tile-replacement
circuit-breaker-repair,"Circuit Breaker Repair",electrical,electrical-repair
clean-agent-suppression,"Clean Agent Suppression",fire-suppression,plant-room-suppression
click-floor-installation,"Click Floor Installation",flooring,solid-wood-floor-fitting
cloud-access-control,"Cloud Access Control",access-control,access-control-installation
co2-fire-extinguisher,"CO2 Fire Extinguisher",fire-extinguishers,fire-extinguisher-installation
cold-bridging-insulation-works,"Cold Bridging Insulation Works",insulation,landlord-insulation-upgrade
colour-video-door-entry,"Colour Video Door Entry",door-entry,video-door-entry
colt-smoke-vent,"Colt Smoke Vent",aov-air-handling,smoke-vent-system
combi-boiler,"Combi Boiler",gas-systems,combi-boiler-installation
combi-boiler-cost,"Combi Boiler Cost",gas-systems,combi-boiler
combi-boiler-install,"Combi Boiler Install",heating,boiler-installation
combi-boiler-installation,"Combi Boiler Installation",gas-systems,gas-boiler-installation
combi-boiler-repair,"Combi Boiler Repair",gas-systems,boiler-repair
comelit-door-entry,"Comelit Door Entry",door-entry,door-entry-system
commend-intercom,"Commend Intercom",intercoms,intercom-system
commercial-access-control,"Commercial Access Control",access-control,office-access-control-system
commercial-ahu-maintenance,"Commercial AHU Maintenance",aov-air-handling,industrial-air-handling-unit
commercial-asbestos-survey,"Commercial Asbestos Survey",asbestos-survey,landlord-asbestos-survey
commercial-boiler-service,"Commercial Boiler Service",gas-systems,gas-installation
commercial-building-maintenance,"Commercial Building Maintenance",building-maintenance,block-maintenance-services
commercial-cctv-package,"Commercial CCTV Package",cctv,bullet-camera-installation
commercial-cctv-system,"Commercial CCTV System",cctv,cctv-installation
commercial-condition-survey,"Commercial Condition Survey",building-surveys,pre-works-survey
commercial-door-entry,"Commercial Door Entry",door-entry,door-entry-system
commercial-dry-lining,"Commercial Dry Lining",dry-lining,dot-and-dab-dry-lining
commercial-eicr,"Commercial EICR",electrical,eicr
commercial-electrical-maintenance,"Commercial Electrical Maintenance",electrical,electrical-maintenance
commercial-electrician,"Commercial Electrician",electrical,commercial-electrical-maintenance
commercial-emergency-lighting,"Commercial Emergency Lighting",emergency-lighting,industrial-emergency-lighting
commercial-ev-charging,"Commercial EV Charging",electrical,ev-charger-installation
commercial-extinguisher-package,"Commercial Extinguisher Package",fire-extinguishers,extinguisher-wall-mounting
commercial-fire-alarm,"Commercial Fire Alarm",fire-alarms,hmo-fire-alarm-system
commercial-fire-alarm-service,"Commercial Fire Alarm Service",fire-alarms,fire-alarm-panel
commercial-fire-alarm-system,"Commercial Fire Alarm System",fire-alarms,industrial-fire-alarm
commercial-fire-door,"Commercial Fire Door",fire-doors,apartment-fire-door
commercial-fire-risk-assessment,"Commercial Fire Risk Assessment",fire-risk-assessments,fire-risk-assessment
commercial-fire-sign-survey,"Commercial Fire Sign Survey",fire-signage,mandatory-fire-signage-package
commercial-fire-stopping-package,"Commercial Fire Stopping Package",fire-stopping,landlord-fire-stopping
commercial-fit-out,"Commercial Fit Out",commercial-fit-out,office-fit-out
commercial-floor-tiling,"Commercial Floor Tiling",tiling,wet-room-tiling
commercial-gas,"Commercial Gas",gas-systems,commercial-gas-installation
commercial-gas-engineer,"Commercial Gas Engineer",gas-systems,commercial-gas
commercial-gas-installation,"Commercial Gas Installation",gas-systems,industrial-gas-system
commercial-gas-safety-certificate,"Commercial Gas Safety Certificate",gas-systems,gas-safety-certificate
commercial-intercom,"Commercial Intercom",intercoms,intercom-system
commercial-intercom-installation,"Commercial Intercom Installation",intercoms,intercom-system
commercial-intercom-package,"Commercial Intercom Package",intercoms,door-intercom-upgrade
commercial-intruder-alarm,"Commercial Intruder Alarm",intruder-alarm,intruder-alarm-installation
commercial-kitchen-fire-system,"Commercial Kitchen Fire System",kitchen-fire-suppression,canopy-suppression-install
commercial-kitchen-gas-safety,"Commercial Kitchen Gas Safety",gas-systems,commercial-gas-safety-certificate
commercial-kitchen-gas-works,"Commercial Kitchen Gas Works",gas-systems,gas-safe-engineer-stockport
commercial-legionella-risk-assessment,"Commercial Legionella Risk Assessment",legionella-risk-assessment,landlord-legionella-risk-assessment
commercial-painting,"Commercial Painting",painting-decorating,wallpapering-services
commercial-plastering,"Commercial Plastering",plastering,re-plaster-after-damp
commercial-ppm-package,"Commercial PPM Package",facilities-management,estate-compliance-scheduling
commercial-security-lighting,"Commercial Security Lighting",emergency-lighting,external-security-lighting
commercial-sprinkler-service,"Commercial Sprinkler Service",sprinkler-systems,sprinkler-system-testing
commercial-unit-renovation,"Commercial Unit Renovation",renovation,end-of-tenancy-renovation
commercial-vinyl-flooring,"Commercial Vinyl Flooring",flooring,carpet-preparation-works
commercial-washroom-fit-out,"Commercial Washroom Fit Out",bathrooms,bathroom-extractor-fan-install
communal-area-fire-risk-assessment,"Communal Area Fire Risk Assessment",fire-risk-assessments,multi-site-fire-risk-assessments
communal-area-maintenance,"Communal Area Maintenance",building-maintenance,fabric-repairs-package
communal-door-entry-system,"Communal Door Entry System",door-entry,apartment-door-entry
compartment-drawings-support,"Compartment Drawings Support",fire-compartmentation,service-riser-compartmentation
compartment-wall-fire-stopping,"Compartment Wall Fire Stopping",fire-stopping,fire-stopping-remedial-works
compartmentation-certificate-support,"Compartmentation Certificate Support",fire-compartmentation,hidden-voids-fire-survey
compartmentation-remedial-works,"Compartmentation Remedial Works",fire-compartmentation,fire-compartmentation-survey
compliance-project-coordination,"Compliance Project Coordination",project-management,landlord-refurb-project-support
composite-door-installation,"Composite Door Installation",windows-doors,upvc-window-fitting
condensation-control-works,"Condensation Control Works",damp-proofing,damp-survey-support
condensing-boiler-installation,"Condensing Boiler Installation",gas-systems,boiler-install
construction-phase-plan-support,"Construction Phase Plan Support",cdm-support,pre-construction-information-pack
construction-project-coordination,"Construction Project Coordination",project-management,multi-trade-project-management
consumer-unit,"Consumer Unit",electrical,consumer-unit-upgrade
consumer-unit-cost,"Consumer Unit Cost",electrical,consumer-unit
consumer-unit-first-fix,"Consumer Unit First Fix",electrics-first-fix,renovation-first-fix-wiring
consumer-unit-replacement,"Consumer Unit Replacement",electrical,consumer-unit
consumer-unit-upgrade,"Consumer Unit Upgrade",electrical,panel-upgrade
conventional-fire-alarm,"Conventional Fire Alarm",fire-alarms,addressable-fire-alarm
conventional-fire-alarm-panel,"Conventional Fire Alarm Panel",fire-alarms,fire-alarm-panel
conventional-fire-alarm-system,"Conventional Fire Alarm System",fire-alarms,fire-alarm-panel
conversion-first-fix-electrics,"Conversion First Fix Electrics",electrics-first-fix,socket-first-fix
cooker-point-installation,"Cooker Point Installation",electrical,kitchen-electrical-installation
corridor-smoke-vent,"Corridor Smoke Vent",aov-air-handling,stairwell-smoke-vent
corridor-smoke-ventilation,"Corridor Smoke Ventilation",aov-air-handling,smoke-control-system
cosmetic-renovation-package,"Cosmetic Renovation Package",renovation,kitchen-and-bathroom-renovation
courtney-thorne-nurse-call,"Courtney Thorne Nurse Call",nurse-call,nurse-call-system-installation
cp12,"CP12 Gas Safety Certificate",gas-systems,gas-safety-certificate
cp12-cost,"CP12 Cost",gas-systems,cp12
cp12-gas-certificate,"CP12 Gas Certificate",gas-systems,landlord-gas-safety-certificate
cp44-gas-certificate,"CP44 Gas Certificate",gas-systems,cp12-gas-certificate
cp44-gas-safety,"CP44 Gas Safety",gas-systems,gas-safety-certificate
custom-cupboards,"Custom Cupboards",joinery,joinery-services
dahua-cctv-installation,"Dahua CCTV Installation",cctv,cctv-installation
damp-proofing,"Damp Proofing",damp-proofing,rising-damp-treatment
damp-survey-support,"Damp Survey Support",damp-proofing,tanking-system-installation
data-cabling-installation,"Data Cabling Installation",electrical,electrical-installation
data-centre-fire-suppression,"Data Centre Fire Suppression",fire-suppression,suppression-system-design-support
deaf-alerter-installation,"Deaf Alerter Installation",evacuation-alerts,evacuation-alert-system
decking-installation,"Decking Installation",landscaping,landlord-external-works
defect-survey,"Defect Survey",building-surveys,void-property-survey
dilapidations-support-survey,"Dilapidations Support Survey",building-surveys,landlord-condition-report
directional-escape-signs,"Directional Escape Signs",fire-signage,bs-iso-7010-signage
disabled-bathroom-adaptation-support,"Disabled Bathroom Adaptation Support",bathrooms,bathroom-waterproofing
disabled-refuge-system,"Disabled Refuge System",fire-alarms,fire-alarm-system
disabled-toilet-alarm,"Disabled Toilet Alarm",nurse-call,emergency-assistance-alarm
disabled-toilet-alarm-installation,"Disabled Toilet Alarm Installation",nurse-call,nurse-call-system
distribution-board-install,"Distribution Board Install",electrical,rcbo-upgrade
distribution-board-installation,"Distribution Board Installation",electrical,eicr
dome-camera-installation,"Dome Camera Installation",cctv,cctv-installation
domestic-burglar-alarm,"Domestic Burglar Alarm",intruder-alarm,burglar-alarm-system
domestic-cctv-installation,"Domestic CCTV Installation",cctv,cctv-installation
domestic-eicr,"Domestic EICR",electrical,eicr
domestic-electrician,"Domestic Electrician",electrical,residential-electrician
domestic-fire-alarm-installation,"Domestic Fire Alarm Installation",fire-alarms,landlord-fire-alarm
domestic-rewire,"Domestic Rewire",electrical,rewire
domestic-rewire-cost,"Domestic Rewire Cost",electrical,domestic-rewire
door-access-control,"Door Access Control",access-control,electric-door-release
door-access-control-system,"Door Access Control System",access-control,door-access-control
door-contact-alarm-installation,"Door Contact Alarm Installation",intruder-alarm,intruder-alarm-installation
door-controller-installation,"Door Controller Installation",access-control,access-control-installation
door-entry-access-integration,"Door Entry Access Integration",door-entry,door-entry-system
door-entry-cabling,"Door Entry Cabling",door-entry,door-entry-system
door-entry-certification,"Door Entry Certification",door-entry,door-entry-installation
door-entry-engineer,"Door Entry Engineer",door-entry,door-entry-installation
door-entry-engineers-near-me,"Door Entry Engineers Near Me",door-entry,door-entry-system
door-entry-handset-replacement,"Door Entry Handset Replacement",door-entry,door-entry-system
door-entry-installation,"Door Entry Installation",door-entry,video-door-entry
door-entry-intercom,"Door Entry Intercom",intercoms,video-intercom
door-entry-maintenance,"Door Entry Maintenance",door-entry,door-entry-servicing
door-entry-maintenance-contract,"Door Entry Maintenance Contract",door-entry,video-door-entry-flats
door-entry-panel-replacement,"Door Entry Panel Replacement",door-entry,door-entry-system
door-entry-repair,"Door Entry Repair",door-entry,door-entry-engineer
door-entry-servicing,"Door Entry Servicing",door-entry,door-entry-repair
door-entry-system,"Door Entry System",door-entry,apartment-door-entry
door-entry-system-installation,"Door Entry System Installation",door-entry,door-entry-system
door-entry-system-upgrade,"Door Entry System Upgrade",door-entry,door-entry-system
door-frame-installation,"Door Frame Installation",carpentry,floor-joist-repairs
door-hanging,"Door Hanging",joinery,built-in-wardrobes
door-intercom-upgrade,"Door Intercom Upgrade",intercoms,warehouse-intercom
door-lock-upgrade,"Door Lock Upgrade",windows-doors,window-cill-replacement
door-station-intercom,"Door Station Intercom",intercoms,intercom-system
dormer-loft-conversion,"Dormer Loft Conversion",loft-conversions,loft-conversion
dot-and-dab-boarding,"Dot and Dab Boarding",plastering,ceiling-plastering
dot-and-dab-dry-lining,"Dot and Dab Dry Lining",dry-lining,ceiling-dry-lining
drainage-installation,"Drainage Installation",groundworks,foundation-dig
driveway-base-works,"Driveway Base Works",groundworks,extension-groundworks
dry-lining-installation,"Dry Lining Installation",dry-lining,metal-stud-partition
dry-riser-annual-test,"Dry Riser Annual Test",dry-risers,fire-service-inlet-box
dry-riser-certificate,"Dry Riser Certificate",dry-risers,rising-main-test
dry-riser-inlet-inspection,"Dry Riser Inlet Inspection",dry-risers,wet-riser-testing
dry-riser-maintenance,"Dry Riser Maintenance",dry-risers,dry-riser-testing
dry-riser-outlet-service,"Dry Riser Outlet Service",dry-risers,dry-riser-inlet-inspection
dry-riser-pressure-test,"Dry Riser Pressure Test",dry-risers,landing-valve-replacement
dry-riser-remedial-works,"Dry Riser Remedial Works",dry-risers,high-rise-dry-riser
dry-riser-testing,"Dry Riser Testing",dry-risers,dry-riser-maintenance
dvr-cctv-system,"DVR CCTV System",cctv,nvr-installation
dvr-installation,"DVR Installation",cctv,cctv-recording
eicr,EICR,electrical,electrical-installation-condition-report
eicr-certificate,"EICR Certificate",electrical,eicr
eicr-cost,"EICR Cost",electrical,eicr
eicr-near-me,"EICR Near Me",electrical,eicr
eicr-price,"EICR Price",electrical,eicr-cost
eicr-report,"EICR Report",electrical,eicr
eicr-testing,"EICR Testing",electrical,fixed-wire-testing
electric-door-release,"Electric Door Release",access-control,door-access-control
electric-shower-installation,"Electric Shower Installation",electrical,bathroom-rewire
electric-strike-installation,"Electric Strike Installation",access-control,access-control-installation
electrical-board-upgrade,"Electrical Board Upgrade",electrical,consumer-unit-upgrade
electrical-call-out,"Electrical Call Out",electrical,electrical-fault-finding
electrical-certificate-for-lettings,"Electrical Certificate for Lettings",electrical,landlord-eicr
electrical-certification,"Electrical Certification",electrical,electrical-safety-certificate
electrical-compliance-certificate,"Electrical Compliance Certificate",electrical,eicr
electrical-contractor,"Electrical Contractor",electrical,commercial-electrician
electrical-fault-finding,"Electrical Fault Finding",electrical,electrical-troubleshooting
electrical-inspection,"Electrical Inspection",electrical,eicr
electrical-inspection-and-testing,"Electrical Inspection and Testing",electrical,eicr
electrical-installation,"Electrical Installation",electrical,eicr
electrical-installation-condition-report,"Electrical Installation Condition Report",electrical,eicr
electrical-maintenance,"Electrical Maintenance",electrical,electrical-inspection
electrical-remedial-works,"Electrical Remedial Works",electrical,eicr
electrical-repair,"Electrical Repair",electrical,electrical-fault-finding
electrical-rewire,"Electrical Rewire",electrical,rewire
electrical-safety-certificate,"Electrical Safety Certificate",electrical,eicr
electrical-safety-inspection,"Electrical Safety Inspection",electrical,eicr
electrical-services,"Electrical Services",electrical,electrical-installation
electrical-troubleshooting,"Electrical Troubleshooting",electrical,electrical-fault-finding
electrical-wiring-installation,"Electrical Wiring Installation",electrical,new-electrical-installation
electrician,Electrician,electrical,electrician-near-me
electrician-near-me,"Electrician Near Me",electrical,24-hour-emergency-electrician
emergency-assistance-alarm,"Emergency Assistance Alarm",nurse-call,disabled-toilet-alarm
emergency-bulkhead-lights,"Emergency Bulkhead Lights",emergency-lighting,emergency-lighting-installation
emergency-electrician,"Emergency Electrician",electrical,24-hour-emergency-electrician
emergency-electrician-cost,"Emergency Electrician Cost",electrical,emergency-electrician
emergency-exit-lighting,"Emergency Exit Lighting",emergency-lighting,escape-route-lighting
emergency-gas-engineer,"Emergency Gas Engineer",gas-systems,gas-repair
emergency-gas-engineer-cost,"Emergency Gas Engineer Cost",gas-systems,emergency-gas-engineer
emergency-light-battery-replacement,"Emergency Light Battery Replacement",emergency-lighting,emergency-lighting-maintenance
emergency-light-fitting,"Emergency Light Fitting",emergency-lighting,emergency-exit-lighting
emergency-lighting-annual-test,"Emergency Lighting Annual Test",emergency-lighting,emergency-lighting-certificate
emergency-lighting-battery-replacement,"Emergency Lighting Battery Replacement",emergency-lighting,emergency-lighting-servicing
emergency-lighting-certificate,"Emergency Lighting Certificate",emergency-lighting,emergency-lighting-certification
emergency-lighting-certification,"Emergency Lighting Certification",emergency-lighting,emergency-lighting-certificate
emergency-lighting-commissioning,"Emergency Lighting Commissioning",emergency-lighting,emergency-lighting-installation
emergency-lighting-compliance,"Emergency Lighting Compliance",emergency-lighting,bs-5266
emergency-lighting-design,"Emergency Lighting Design",emergency-lighting,emergency-lighting-installation
emergency-lighting-duration-test,"Emergency Lighting Duration Test",emergency-lighting,emergency-lighting-testing
emergency-lighting-electrical-works,"Emergency Lighting Electrical Works",electrical,emergency-lighting-installation
emergency-lighting-engineer,"Emergency Lighting Engineer",emergency-lighting,emergency-lighting-near-me
emergency-lighting-engineers,"Emergency Lighting Engineers",emergency-lighting,emergency-lighting-installation
emergency-lighting-for-landlords,"Emergency Lighting for Landlords",emergency-lighting,landlord-emergency-lighting
emergency-lighting-inspection,"Emergency Lighting Inspection",emergency-lighting,emergency-lighting-testing
emergency-lighting-installation,"Emergency Lighting Installation",emergency-lighting,emergency-lighting-system
emergency-lighting-inverter,"Emergency Lighting Inverter",emergency-lighting,central-battery-emergency-lighting
emergency-lighting-logbook,"Emergency Lighting Logbook",emergency-lighting,emergency-lighting-certificate
emergency-lighting-maintenance,"Emergency Lighting Maintenance",emergency-lighting,emergency-lighting-servicing
emergency-lighting-monthly-test,"Emergency Lighting Monthly Test",emergency-lighting,emergency-lighting-testing
emergency-lighting-near-me,"Emergency Lighting Near Me",emergency-lighting,emergency-lighting-engineer
emergency-lighting-panel,"Emergency Lighting Panel",emergency-lighting,central-battery-emergency-lighting
emergency-lighting-remedials,"Emergency Lighting Remedials",emergency-lighting,emergency-lighting-certificate
emergency-lighting-repair,"Emergency Lighting Repair",emergency-lighting,emergency-light-battery-replacement
emergency-lighting-service-contract,"Emergency Lighting Service Contract",emergency-lighting,emergency-lighting-maintenance
emergency-lighting-servicing,"Emergency Lighting Servicing",emergency-lighting,emergency-lighting-testing
emergency-lighting-survey,"Emergency Lighting Survey",emergency-lighting,emergency-lighting-testing
emergency-lighting-system,"Emergency Lighting System",emergency-lighting,led-emergency-lighting
emergency-lighting-test,"Emergency Lighting Test",emergency-lighting,emergency-lighting-certificate
emergency-lighting-testing,"Emergency Lighting Testing",emergency-lighting,periodic-emergency-lighting-test
emergency-lighting-upgrade,"Emergency Lighting Upgrade",emergency-lighting,led-emergency-lighting
emergency-nurse-call,"Emergency Nurse Call",nurse-call,nurse-call-system
emergency-plumber,"Emergency Plumber",plumbing,plumbing-services
emergency-pull-cord-installation,"Emergency Pull Cord Installation",nurse-call,nurse-call-system
emergency-pull-cord-system,"Emergency Pull Cord System",nurse-call,nurse-call-handset-replacement
emergency-roof-repair,"Emergency Roof Repair",roofing,roof-inspection
emergency-smoke-ventilation,"Emergency Smoke Ventilation",aov-air-handling,smoke-control-system
emergency-twin-spot-lights,"Emergency Twin Spot Lights",emergency-lighting,emergency-lighting-installation
en-12101-smoke-vent,"EN 12101 Smoke Vent",aov-air-handling,smoke-vent-system
en-suite-installation,"En Suite Installation",bathrooms,disabled-bathroom-adaptation-support
end-of-tenancy-painting,"End of Tenancy Painting",painting-decorating,full-house-decorating
end-of-tenancy-renovation,"End of Tenancy Renovation",renovation,structural-ready-renovation
energy-efficient-lighting,"Energy Efficient Lighting",electrical,lighting-installation
engineered-wood-flooring,"Engineered Wood Flooring",flooring,vinyl-flooring-fitting
epc-insulation-works,"EPC Insulation Works",insulation,pipe-insulation
epdm-flat-roof,"EPDM Flat Roof",roofing,felt-roofing
escape-route-lighting,"Escape Route Lighting",emergency-lighting,emergency-exit-lighting
escape-route-signs,"Escape Route Signs",fire-signage,fire-exit-signage
estate-compliance-scheduling,"Estate Compliance Scheduling",facilities-management,facilities-helpdesk-engineer
estate-maintenance-package,"Estate Maintenance Package",building-maintenance,handyman-plus-compliance
ev-charger-installation,"EV Charger Installation",electrical,electrical-installation
evacuation-alert-maintenance,"Evacuation Alert Maintenance",evacuation-alerts,wireless-deaf-alerter
evacuation-alert-system,"Evacuation Alert System",evacuation-alerts,deaf-alerter-installation
evacuation-strategy-review,"Evacuation Strategy Review",fire-risk-assessments,significant-findings-fire-risk
exit-sign-installation,"Exit Sign Installation",emergency-lighting,emergency-exit-lighting
extension-envelope-works,"Extension Envelope Works",extensions,landlord-extension-support
extension-first-fix-package,"Extension First Fix Package",extensions,extension-groundworks-package
extension-groundworks,"Extension Groundworks",groundworks,soakaway-installation-support
extension-groundworks-package,"Extension Groundworks Package",extensions,side-return-extension
exterior-painting,"Exterior Painting",painting-decorating,interior-painting
external-brickwork-making-good,"External Brickwork Making Good",brickwork,blockwork-partitions
external-cctv-installation,"External CCTV Installation",cctv,cctv-installation
external-rendering,"External Rendering",rendering,render-repairs
external-security-lighting,"External Security Lighting",emergency-lighting,emergency-lighting-installation
extinguisher-maintenance-contract,"Extinguisher Maintenance Contract",fire-extinguishers,bs-5306-extinguisher-service
extinguisher-replacement,"Extinguisher Replacement",fire-extinguishers,kitchen-fire-extinguishers
extinguisher-survey,"Extinguisher Survey",fire-extinguishers,extinguisher-replacement
extinguisher-wall-mounting,"Extinguisher Wall Mounting",fire-extinguishers,fire-blanket-supply
fabric-repairs-package,"Fabric Repairs Package",building-maintenance,planned-building-maintenance
facilities-helpdesk-engineer,"Facilities Helpdesk Engineer",facilities-management,building-services-ppm
facilities-management-compliance,"Facilities Management Compliance",facilities-management,ppm-contract-compliance
factory-fire-alarm-system,"Factory Fire Alarm System",fire-alarms,fire-alarm-panel
factory-intercom,"Factory Intercom",intercoms,office-intercom-system
factory-intercom-system,"Factory Intercom System",intercoms,intercom-system
fascia-and-soffit-replacement,"Fascia and Soffit Replacement",roofing,landlord-roof-repairs
fd30-fire-door,"FD30 Fire Door",fire-doors,fire-door-seals
fd60-fire-door,"FD60 Fire Door",fire-doors,fd30-fire-door
felt-roofing,"Felt Roofing",roofing,roof-leak-repair
fence-installation,"Fence Installation",landscaping,patio-installation
fermax-door-entry,"Fermax Door Entry",door-entry,door-entry-system
fingerprint-access-control,"Fingerprint Access Control",access-control,biometric-access-control
fire-action-notices,"Fire Action Notices",fire-signage,fire-extinguisher-signs
fire-alarm-and-emergency-lighting,"Fire Alarm and Emergency Lighting",emergency-lighting,emergency-lighting-system
fire-alarm-battery-replacement,"Fire Alarm Battery Replacement",fire-alarms,fire-alarm-maintenance
fire-alarm-call-point-installation,"Fire Alarm Call Point Installation",fire-alarms,fire-alarm-installation
fire-alarm-certificate,"Fire Alarm Certificate",fire-alarms,fire-safety-certificate
fire-alarm-certification,"Fire Alarm Certification",fire-alarms,fire-alarm-compliance
fire-alarm-commissioning,"Fire Alarm Commissioning",fire-alarms,fire-alarm-installation
fire-alarm-compliance,"Fire Alarm Compliance",fire-alarms,bs-5839
fire-alarm-design,"Fire Alarm Design",fire-alarms,fire-alarm-installation
fire-alarm-engineer,"Fire Alarm Engineer",fire-alarms,fire-alarm-engineer-near-me
fire-alarm-engineer-near-me,"Fire Alarm Engineer Near Me",fire-alarms,fire-alarm-engineer
fire-alarm-engineers-near-me,"Fire Alarm Engineers Near Me",fire-alarms,fire-alarm-installation
fire-alarm-fault-finding,"Fire Alarm Fault Finding",fire-alarms,fire-alarm-repair
fire-alarm-inspection,"Fire Alarm Inspection",fire-alarms,fire-alarm-testing
fire-alarm-installation,"Fire Alarm Installation",fire-alarms,fire-alarm-panel
fire-alarm-installation-certificate,"Fire Alarm Installation Certificate",fire-alarms,fire-alarm-certification
fire-alarm-logbook,"Fire Alarm Logbook",fire-alarms,fire-alarm-certificate
fire-alarm-loop-tester,"Fire Alarm Loop Tester",fire-alarms,fire-alarm-testing
fire-alarm-maintenance,"Fire Alarm Maintenance",fire-alarms,fire-alarm-servicing
fire-alarm-maintenance-contract,"Fire Alarm Maintenance Contract",fire-alarms,fire-alarm-maintenance
fire-alarm-monitoring,"Fire Alarm Monitoring",fire-alarms,fire-alarm-maintenance
fire-alarm-monitoring-setup,"Fire Alarm Monitoring Setup",fire-alarms,fire-alarm-installation
fire-alarm-panel,"Fire Alarm Panel",fire-alarms,fire-alarm-installation
fire-alarm-panel-service,"Fire Alarm Panel Service",fire-alarms,fire-alarm-panel
fire-alarm-repair,"Fire Alarm Repair",fire-alarms,fire-alarm-engineer
fire-alarm-service,"Fire Alarm Service",fire-alarms,fire-alarm-installation
fire-alarm-servicing,"Fire Alarm Servicing",fire-alarms,periodic-fire-alarm-service
fire-alarm-strobe-installation,"Fire Alarm Strobe Installation",evacuation-alerts,visual-alarm-devices
fire-alarm-system,"Fire Alarm System",fire-alarms,fire-detection-system
fire-alarm-testing,"Fire Alarm Testing",fire-alarms,fire-alarm-inspection
fire-alarm-upgrade,"Fire Alarm Upgrade",fire-alarms,fire-alarm-installation
fire-alarm-weekly-test-support,"Fire Alarm Weekly Test Support",fire-alarms,fire-alarm-servicing
fire-alarm-zone-chart,"Fire Alarm Zone Chart",fire-alarms,fire-alarm-panel
fire-barrier-installation,"Fire Barrier Installation",fire-compartmentation,compartment-drawings-support
fire-batt-installation,"Fire Batt Installation",fire-stopping,fire-rated-sealant-works
fire-blanket-supply,"Fire Blanket Supply",fire-extinguishers,extinguisher-maintenance-contract
fire-collar-installation,"Fire Collar Installation",fire-stopping,cavity-barrier-installation
fire-compartmentation-survey,"Fire Compartmentation Survey",fire-compartmentation,compartmentation-remedial-works
fire-compliance-consultancy,"Fire Compliance Consultancy",compliance-consultancy,property-compliance-advice
fire-detection-system,"Fire Detection System",fire-alarms,fire-alarm-system
fire-detection-system-installation,"Fire Detection System Installation",fire-alarms,fire-alarm-installation
fire-door-access-control-integration,"Fire Door Access Control Integration",access-control,access-control-installation
fire-door-certification,"Fire Door Certification",fire-doors,fire-door-inspection
fire-door-closer-replacement,"Fire Door Closer Replacement",fire-doors,fire-door-repair
fire-door-compliance-check,"Fire Door Compliance Check",fire-doors,fire-exit-door-maintenance
fire-door-for-loft-conversion,"Fire Door for Loft Conversion",loft-conversions,loft-conversion-building-works
fire-door-frame-repair,"Fire Door Frame Repair",fire-doors,glazed-fire-door
fire-door-gap-remedial,"Fire Door Gap Remedial",fire-doors,fire-door-ironmongery
fire-door-inspection,"Fire Door Inspection",fire-alarms,fire-safety-certificate
fire-door-installation,"Fire Door Installation",fire-doors,fire-door-survey
fire-door-intumescent-seals,"Fire Door Intumescent Seals",fire-doors,block-fire-door-upgrade
fire-door-ironmongery,"Fire Door Ironmongery",fire-doors,commercial-fire-door
fire-door-joinery-support,"Fire Door Joinery Support",joinery,landlord-joinery-repairs
fire-door-keep-shut-signs,"Fire Door Keep Shut Signs",fire-signage,directional-escape-signs
fire-door-repair,"Fire Door Repair",fire-doors,fire-door-certification
fire-door-replacement-programme,"Fire Door Replacement Programme",fire-doors,master-key-fire-door-sets
fire-door-seals,"Fire Door Seals",fire-doors,fire-door-closer-replacement
fire-door-set-supply,"Fire Door Set Supply",windows-doors,composite-door-installation
fire-door-survey,"Fire Door Survey",fire-doors,fire-door-installation
fire-exit-door-maintenance,"Fire Exit Door Maintenance",fire-doors,fire-door-intumescent-seals
fire-exit-signage,"Fire Exit Signage",fire-signage,escape-route-signs
fire-extinguisher-certificate,"Fire Extinguisher Certificate",fire-extinguishers,wet-chemical-extinguisher
fire-extinguisher-installation,"Fire Extinguisher Installation",fire-extinguishers,fire-extinguisher-supply
fire-extinguisher-service,"Fire Extinguisher Service",fire-extinguishers,fire-extinguisher-supply
fire-extinguisher-signs,"Fire Extinguisher Signs",fire-signage,photoluminescent-signage
fire-extinguisher-supply,"Fire Extinguisher Supply",fire-extinguishers,fire-extinguisher-service
fire-integrity-survey,"Fire Integrity Survey",fire-compartmentation,block-compartmentation-upgrade
fire-point-setup,"Fire Point Setup",fire-extinguishers,extinguisher-survey
fire-rated-aov,"Fire Rated AOV",aov-air-handling,aov-system
fire-rated-boarding,"Fire Rated Boarding",dry-lining,acoustic-dry-lining
fire-rated-sealant-works,"Fire Rated Sealant Works",fire-stopping,compartment-wall-fire-stopping
fire-release-access-control,"Fire Release Access Control",access-control,apartment-access-control
fire-risk-assessment,"Fire Risk Assessment",fire-risk-assessments,commercial-fire-risk-assessment
fire-risk-assessment-action-plan,"Fire Risk Assessment Action Plan",fire-risk-assessments,communal-area-fire-risk-assessment
fire-risk-assessment-certificate,"Fire Risk Assessment Certificate",fire-risk-assessments,fire-safety-order-assessment
fire-risk-assessment-north-west,"Fire Risk Assessment North West",fire-risk-assessments,fra-for-managing-agents
fire-risk-assessment-review,"Fire Risk Assessment Review",fire-risk-assessments,school-fire-risk-assessment
fire-risk-assessment-support,"Fire Risk Assessment Support",fire-alarms,fire-alarm-compliance
fire-risk-assessment-update,"Fire Risk Assessment Update",fire-risk-assessments,evacuation-strategy-review
fire-safety-audit,"Fire Safety Audit",fire-risk-assessments,suitable-and-sufficient-fra
fire-safety-certificate,"Fire Safety Certificate",fire-alarms,fire-alarm-certification
fire-safety-order-assessment,"Fire Safety Order Assessment",fire-risk-assessments,pas-79-fire-risk-assessment
fire-safety-order-compliance,"Fire Safety Order Compliance",fire-alarms,fire-safety-certificate
fire-safety-signs-installation,"Fire Safety Signs Installation",fire-signage,escape-route-signs
fire-separating-wall-works,"Fire Separating Wall Works",fire-compartmentation,compartmentation-remedial-works
fire-service-inlet-box,"Fire Service Inlet Box",dry-risers,dry-riser-pressure-test
fire-stopping-certificate,"Fire Stopping Certificate",fire-stopping,commercial-fire-stopping-package
fire-stopping-installation,"Fire Stopping Installation",fire-stopping,fire-stopping-survey
fire-stopping-remedial-works,"Fire Stopping Remedial Works",fire-stopping,passive-fire-protection
fire-stopping-survey,"Fire Stopping Survey",fire-stopping,fire-stopping-installation
fire-suppression-commissioning,"Fire Suppression Commissioning",fire-suppression,inert-gas-suppression
fire-suppression-maintenance-contract,"Fire Suppression Maintenance Contract",fire-suppression,suppression-detection-integration
fire-suppression-servicing,"Fire Suppression Servicing",fire-suppression,fire-suppression-system-installation
fire-suppression-system-installation,"Fire Suppression System Installation",fire-suppression,fire-suppression-servicing
first-fix-carpentry,"First Fix Carpentry",carpentry,carpentry-services
first-fix-electrical,"First Fix Electrical",electrics-first-fix,new-build-first-fix-electrics
fit-out-project-support,"Fit Out Project Support",project-management,programme-management-building-works
fixed-wire-testing,"Fixed Wire Testing",electrical,eicr
flat-pack-kitchen-install,"Flat Pack Kitchen Install",kitchens,bespoke-kitchen-fitting
flat-renovation,"Flat Renovation",renovation,house-renovation
flat-roof-installation,"Flat Roof Installation",roofing,roof-repairs
flats-evacuation-alert-system,"Flats Evacuation Alert System",evacuation-alerts,care-home-evacuation-alerts
floor-compartmentation,"Floor Compartmentation",fire-compartmentation,fire-separating-wall-works
floor-insulation,"Floor Insulation",insulation,internal-wall-insulation
floor-joist-repairs,"Floor Joist Repairs",carpentry,timber-frame-repairs
floor-levelling,"Floor Levelling",flooring,commercial-vinyl-flooring
floor-tiling,"Floor Tiling",tiling,wall-tiling
flue-installation,"Flue Installation",gas-systems,gas-boiler-installation
fm-compliance-reporting,"FM Compliance Reporting",facilities-management,out-of-hours-fm-support
fm-electrical-support,"FM Electrical Support",facilities-management,reactive-maintenance-call-out
fm-fire-safety-support,"FM Fire Safety Support",facilities-management,fm-electrical-support
foam-fire-extinguisher,"Foam Fire Extinguisher",fire-extinguishers,co2-fire-extinguisher
fob-access-control,"Fob Access Control",access-control,proximity-card-reader
foul-drainage-alterations-support,"Foul Drainage Alterations Support",groundworks,driveway-base-works
foundation-dig,"Foundation Dig",groundworks,groundworks-contractor
fra-for-managing-agents,"FRA for Managing Agents",fire-risk-assessments,fire-risk-assessment-action-plan
french-door-installation,"French Door Installation",windows-doors,fire-door-set-supply
full-bathroom-renovation,"Full Bathroom Renovation",bathrooms,bathroom-plumbing-and-fit
full-house-decorating,"Full House Decorating",painting-decorating,spray-painting-walls
full-house-refurb-package,"Full House Refurb Package",property-refurbishment-pm,kitchen-bathroom-refurb-coordination
full-house-refurbishment,"Full House Refurbishment",renovation,landlord-renovation-package
full-house-rewire,"Full House Rewire",electrical,residential-electrician
full-room-plastering,"Full Room Plastering",plastering,patch-plastering
fuse-board,"Fuse Board",electrical,fuse-board-replacement
fuse-board-cost,"Fuse Board Cost",electrical,fuse-board
fuse-board-replacement,"Fuse Board Replacement",electrical,consumer-unit-upgrade
fuse-box-upgrade,"Fuse Box Upgrade",electrical,fuse-board
garden-clearance-for-works,"Garden Clearance for Works",landscaping,turf-laying
garden-wall-building,"Garden Wall Building",brickwork,brick-replacement
garden-walling,"Garden Walling",landscaping,fence-installation
gas-appliance-service,"Gas Appliance Service",gas-systems,gas-boiler-servicing
gas-boiler-installation,"Gas Boiler Installation",gas-systems,gas-installation
gas-boiler-repair,"Gas Boiler Repair",gas-systems,gas-repair
gas-boiler-servicing,"Gas Boiler Servicing",gas-systems,gas-servicing
gas-central-heating,"Gas Central Heating",gas-systems,boiler
gas-certificate-for-tenants,"Gas Certificate for Tenants",gas-systems,landlord-gas-safety-certificate
gas-certificate-same-day,"Gas Certificate Same Day",gas-systems,gas-safety-certificate
gas-compliance-certificate,"Gas Compliance Certificate",gas-systems,gas-safety-certificate
gas-cooker-installation,"Gas Cooker Installation",gas-systems,gas-installation
gas-cooker-safety-check,"Gas Cooker Safety Check",gas-systems,gas-cooker-installation
gas-emergency,"Gas Emergency",gas-systems,emergency-gas-engineer
gas-engineer,"Gas Engineer",gas-systems,gas-safety-near-me
gas-engineer-near-me,"Gas Engineer Near Me",gas-systems,gas-safe-register-engineer
gas-fire-installation,"Gas Fire Installation",gas-systems,gas-installation
gas-fire-service,"Gas Fire Service",gas-systems,gas-appliance-service
gas-hob-installation,"Gas Hob Installation",gas-systems,gas-installation
gas-installation,"Gas Installation",gas-systems,gas-boiler-installation
gas-leak-detection,"Gas Leak Detection",gas-systems,gas-repair
gas-leak-investigation,"Gas Leak Investigation",gas-systems,gas-cooker-installation
gas-maintenance,"Gas Maintenance",gas-systems,gas-servicing
gas-meter-relocation-support,"Gas Meter Relocation Support",gas-systems,boiler-installation
gas-meter-works,"Gas Meter Works",gas-systems,gas-installation
gas-repair,"Gas Repair",gas-systems,gas-engineer
gas-safe-engineer,"Gas Safe Engineer",gas-systems,gas-safe-register-engineer
gas-safe-engineer-stockport,"Gas Safe Engineer Stockport",gas-systems,annual-gas-safety-certificate
gas-safe-register-engineer,"Gas Safe Register Engineer",gas-systems,gas-engineer
gas-safety,"Gas Safety",gas-systems,gas-safety-certificate
gas-safety-certificate,"Gas Safety Certificate",gas-systems,landlord-gas-safety-certificate
gas-safety-certificate-cost,"Gas Safety Certificate Cost",gas-systems,gas-safety-certificate
gas-safety-check,"Gas Safety Check",gas-systems,gas-safety-certificate
gas-safety-for-landlords-north-west,"Gas Safety for Landlords North West",gas-systems,landlord-gas-safety-certificate
gas-safety-inspection,"Gas Safety Inspection",gas-systems,gas-safety-check
gas-safety-near-me,"Gas Safety Near Me",gas-systems,gas-engineer
gas-safety-record,"Gas Safety Record",gas-systems,gas-safety-certificate
gas-servicing,"Gas Servicing",gas-systems,gas-safety-certificate
gas-system-upgrade,"Gas System Upgrade",gas-systems,gas-installation
gas-tightness-test,"Gas Tightness Test",gas-systems,gas-safety-certificate
gas-valve-replacement,"Gas Valve Replacement",gas-systems,commercial-kitchen-gas-works
gate-access-control,"Gate Access Control",access-control,access-control-installation
gate-intercom-system,"Gate Intercom System",intercoms,intercom-system
generator-installation,"Generator Installation",electrical,industrial-electrical-services
glazed-fire-door,"Glazed Fire Door",fire-doors,fire-door-gap-remedial
grade-2-intruder-alarm,"Grade 2 Intruder Alarm",intruder-alarm,intruder-alarm-installation
grade-3-intruder-alarm,"Grade 3 Intruder Alarm",intruder-alarm,intruder-alarm-installation
groundworks-contractor,"Groundworks Contractor",groundworks,foundation-dig
gsm-door-entry,"GSM Door Entry",door-entry,block-door-entry-upgrade
gsm-door-entry-system,"GSM Door Entry System",door-entry,video-door-entry
guttering-replacement,"Guttering Replacement",roofing,flat-roof-installation
handyman-plus-compliance,"Handyman Plus Compliance",building-maintenance,landlord-building-maintenance
hard-landscaping,"Hard Landscaping",landscaping,patio-installation
hardstanding-installation,"Hardstanding Installation",groundworks,patio-base-preparation
hd-cctv-camera,"HD CCTV Camera",cctv,ptz-camera-installation
hd-cctv-camera-installation,"HD CCTV Camera Installation",cctv,hd-cctv-camera
hd-cctv-installation,"HD CCTV Installation",cctv,ip-cctv-system
health-and-safety-file-support,"Health and Safety File Support",cdm-support,cdm-handover-pack
healthcare-call-system-installation,"Healthcare Call System Installation",nurse-call,hospital-nurse-call-system
heat-detector-installation,"Heat Detector Installation",fire-alarms,smoke-alarm-installation
heating-controls-upgrade,"Heating Controls Upgrade",heating,underfloor-heating-support
heating-engineer,"Heating Engineer",gas-systems,gas-central-heating
heating-system-flush,"Heating System Flush",heating,radiator-replacement
heating-system-service,"Heating System Service",gas-systems,gas-boiler-servicing
hid-access-control,"HID Access Control",access-control,access-control-installation
hidden-voids-fire-survey,"Hidden Voids Fire Survey",fire-compartmentation,fire-integrity-survey
high-rise-aov-maintenance,"High Rise AOV Maintenance",aov-air-handling,aov-fault-finding
high-rise-dry-riser,"High Rise Dry Riser",dry-risers,dry-riser-certificate
high-risk-task-area-lighting,"High Risk Task Area Lighting",emergency-lighting,emergency-lighting-design
hikvision-cctv,"Hikvision CCTV",cctv,cctv-installation
hikvision-cctv-installation,"Hikvision CCTV Installation",cctv,cctv-installation
hip-to-gable-conversion-support,"Hip to Gable Conversion Support",loft-conversions,loft-floor-strengthening
hmo-bathroom-fitting,"HMO Bathroom Fitting",bathrooms,landlord-bathroom-upgrade
hmo-compliance-package,"HMO Compliance Package",landlord-compliance,void-property-compliance
hmo-electrical-certificate,"HMO Electrical Certificate",electrical,landlord-eicr
hmo-fire-alarm-system,"HMO Fire Alarm System",fire-alarms,landlord-fire-alarm
hmo-fire-risk-assessment,"HMO Fire Risk Assessment",fire-risk-assessments,landlord-fire-risk-assessment
hmo-gas-safety,"HMO Gas Safety",gas-systems,gas-meter-relocation-support
hmo-gas-safety-certificate,"HMO Gas Safety Certificate",gas-systems,landlord-gas-safety-certificate
hmo-kitchen-fitting,"HMO Kitchen Fitting",kitchens,kitchen-supply-and-fit
hochiki-fire-alarm,"Hochiki Fire Alarm",fire-alarms,fire-alarm-panel
hochiki-fire-detection,"Hochiki Fire Detection",fire-alarms,fire-alarm-installation
home-electrical-upgrade,"Home Electrical Upgrade",electrical,panel-upgrade
home-ev-charger,"Home EV Charger",electrical,ev-charger-installation
home-extension-building,"Home Extension Building",extensions,single-storey-extension
home-intruder-alarm,"Home Intruder Alarm",intruder-alarm,commercial-intruder-alarm
honeywell-intruder-alarm,"Honeywell Intruder Alarm",intruder-alarm,intruder-alarm-installation
hospital-intercom-system,"Hospital Intercom System",intercoms,intercom-system
hospital-nurse-call-installation,"Hospital Nurse Call Installation",nurse-call,hospital-nurse-call-system
hospital-nurse-call-system,"Hospital Nurse Call System",nurse-call,care-home-nurse-call
hospital-nurse-call-upgrade,"Hospital Nurse Call Upgrade",nurse-call,care-home-nurse-call
house-rendering-package,"House Rendering Package",rendering,pebbledash-repair
house-renovation,"House Renovation",renovation,property-renovation
house-rewire,"House Rewire",electrical,rewire
htm-08-03,"HTM 08-03",nurse-call,nurse-call-compliance
htm-08-03-nurse-call,"HTM 08-03 Nurse Call",nurse-call,htm-08-03
htm-nurse-call-support,"HTM Nurse Call Support",nurse-call,nurse-call-commissioning
hvac-electrical-installation,"HVAC Electrical Installation",aov-air-handling,ahu-electrical-control
hydrogen-ready-boiler,"Hydrogen Ready Boiler",gas-systems,boiler-upgrade
inclusive-evacuation-system,"Inclusive Evacuation System",evacuation-alerts,fire-alarm-strobe-installation
indoor-cctv-installation,"Indoor CCTV Installation",cctv,outdoor-cctv-installation
industrial-air-handling-unit,"Industrial Air Handling Unit",aov-air-handling,commercial-ahu-maintenance
industrial-electrical-maintenance,"Industrial Electrical Maintenance",electrical,commercial-electrical-maintenance
industrial-electrical-services,"Industrial Electrical Services",electrical,commercial-electrician
industrial-emergency-lighting,"Industrial Emergency Lighting",emergency-lighting,commercial-emergency-lighting
industrial-fire-alarm,"Industrial Fire Alarm",fire-alarms,commercial-fire-alarm-system
industrial-gas-system,"Industrial Gas System",gas-systems,commercial-gas-installation
inert-gas-suppression,"Inert Gas Suppression",fire-suppression,clean-agent-suppression
insulation-backed-dry-lining,"Insulation Backed Dry Lining",dry-lining,shaft-wall-boarding-support
insulation-upgrade-package,"Insulation Upgrade Package",insulation,room-in-roof-insulation
insurance-compliance-support,"Insurance Compliance Support",compliance-consultancy,multi-site-compliance-strategy
intercall-nurse-call,"Intercall Nurse Call",nurse-call,nurse-call-system
intercom-access,"Intercom Access",access-control,door-access-control
intercom-battery-backup,"Intercom Battery Backup",intercoms,intercom-panel
intercom-cabling,"Intercom Cabling",intercoms,commercial-intercom-package
intercom-cabling-installation,"Intercom Cabling Installation",intercoms,intercom-system
intercom-certification,"Intercom Certification",intercoms,intercom-installation
intercom-commissioning,"Intercom Commissioning",intercoms,intercom-installation
intercom-engineer,"Intercom Engineer",intercoms,intercom-near-me
intercom-engineers-near-me,"Intercom Engineers Near Me",intercoms,intercom-system
intercom-handset-supply,"Intercom Handset Supply",intercoms,intercom-cabling
intercom-installation,"Intercom Installation",intercoms,video-intercom
intercom-maintenance,"Intercom Maintenance",intercoms,intercom-servicing
intercom-maintenance-contract,"Intercom Maintenance Contract",intercoms,intercom-maintenance
intercom-near-me,"Intercom Near Me",intercoms,intercom-engineer
intercom-panel,"Intercom Panel",intercoms,video-intercom
intercom-repair,"Intercom Repair",intercoms,intercom-engineer
intercom-servicing,"Intercom Servicing",intercoms,intercom-testing
intercom-system,"Intercom System",intercoms,door-entry-intercom
intercom-system-installation,"Intercom System Installation",intercoms,office-intercom-system
intercom-system-upgrade,"Intercom System Upgrade",intercoms,intercom-system
intercom-testing,"Intercom Testing",intercoms,intercom-servicing
intercom-upgrade,"Intercom Upgrade",intercoms,intercom-installation
interior-painting,"Interior Painting",painting-decorating,painting-and-decorating
internal-cctv-installation,"Internal CCTV Installation",cctv,cctv-installation
internal-wall-insulation,"Internal Wall Insulation",insulation,loft-insulation
intruder-alarm-certification,"Intruder Alarm Certification",intruder-alarm,bs-4737
intruder-alarm-engineer,"Intruder Alarm Engineer",intruder-alarm,intruder-alarm-near-me
intruder-alarm-engineers,"Intruder Alarm Engineers",intruder-alarm,intruder-alarm-installation
intruder-alarm-installation,"Intruder Alarm Installation",intruder-alarm,burglar-alarm-system
intruder-alarm-maintenance,"Intruder Alarm Maintenance",intruder-alarm,intruder-alarm-servicing
intruder-alarm-maintenance-contract,"Intruder Alarm Maintenance Contract",intruder-alarm,intruder-alarm-maintenance
intruder-alarm-monitoring,"Intruder Alarm Monitoring",intruder-alarm,intruder-alarm-installation
intruder-alarm-near-me,"Intruder Alarm Near Me",intruder-alarm,intruder-alarm-engineer
intruder-alarm-panel,"Intruder Alarm Panel",intruder-alarm,burglar-alarm-system
intruder-alarm-panel-replacement,"Intruder Alarm Panel Replacement",intruder-alarm,intruder-alarm-panel
intruder-alarm-repair,"Intruder Alarm Repair",intruder-alarm,intruder-alarm-engineer
intruder-alarm-servicing,"Intruder Alarm Servicing",intruder-alarm,intruder-alarm-testing
intruder-alarm-testing,"Intruder Alarm Testing",intruder-alarm,intruder-alarm-servicing
investment-property-renovation,"Investment Property Renovation",renovation,light-touch-renovation
investor-refurb-project,"Investor Refurb Project",property-refurbishment-pm,full-house-refurb-package
ip-cctv-system,"IP CCTV System",cctv,hd-cctv-camera
ip-door-entry-system,"IP Door Entry System",door-entry,video-door-entry
ip-intercom,"IP Intercom",intercoms,video-intercom
ip-intercom-system,"IP Intercom System",intercoms,video-intercom
ip-nurse-call-system,"IP Nurse Call System",nurse-call,touch-screen-nurse-call
joinery-services,"Joinery Services",joinery,custom-cupboards
kentec-fire-alarm-panel,"Kentec Fire Alarm Panel",fire-alarms,fire-alarm-panel
kentec-panel-service,"Kentec Panel Service",fire-alarms,kentec-fire-alarm-panel
keypad-access-control,"Keypad Access Control",access-control,access-control-installation
kitchen-and-bathroom-renovation,"Kitchen and Bathroom Renovation",renovation,investment-property-renovation
kitchen-bathroom-refurb-coordination,"Kitchen Bathroom Refurb Coordination",property-refurbishment-pm,property-refurbishment-management
kitchen-electrical-installation,"Kitchen Electrical Installation",electrical,electrical-installation
kitchen-extension-build,"Kitchen Extension Build",extensions,orangery-base-works
kitchen-fire-extinguishers,"Kitchen Fire Extinguishers",fire-extinguishers,office-fire-extinguishers
kitchen-fire-suppression-system,"Kitchen Fire Suppression System",kitchen-fire-suppression,canopy-suppression-install
kitchen-first-fix-coordination,"Kitchen First Fix Coordination",kitchens,landlord-kitchen-upgrade
kitchen-fitting,"Kitchen Fitting",kitchens,kitchen-installation
kitchen-flooring-installation,"Kitchen Flooring Installation",flooring,landlord-flooring-package
kitchen-hood-suppression,"Kitchen Hood Suppression",kitchen-fire-suppression,takeaway-kitchen-fire-safety
kitchen-installation,"Kitchen Installation",kitchens,kitchen-fitting
kitchen-plumbing,"Kitchen Plumbing",plumbing,bathroom-plumbing
kitchen-remodel,"Kitchen Remodel",kitchens,kitchen-sink-installation
kitchen-replacement-north-west,"Kitchen Replacement North West",kitchens,utility-room-fitting
kitchen-rewire,"Kitchen Rewire",electrical,kitchen-electrical-installation
kitchen-sink-installation,"Kitchen Sink Installation",kitchens,new-kitchen-fit-out
kitchen-splashback-tiling,"Kitchen Splashback Tiling",kitchens,flat-pack-kitchen-install
kitchen-supply-and-fit,"Kitchen Supply and Fit",kitchens,kitchen-installation
kitchen-suppression-certificate,"Kitchen Suppression Certificate",kitchen-fire-suppression,kitchen-hood-suppression
kitchen-suppression-servicing,"Kitchen Suppression Servicing",kitchen-fire-suppression,wet-chemical-kitchen-system
kitchen-tiling,"Kitchen Tiling",tiling,bathroom-tiling
kitchen-unit-installation,"Kitchen Unit Installation",kitchens,kitchen-worktop-fitting
kitchen-worktop-fitting,"Kitchen Worktop Fitting",kitchens,rental-kitchen-refurb
l1-fire-alarm-system,"L1 Fire Alarm System",fire-alarms,bs-5839
l2-fire-alarm-system,"L2 Fire Alarm System",fire-alarms,bs-5839
l3-fire-alarm-system,"L3 Fire Alarm System",fire-alarms,bs-5839
laminate-flooring-installation,"Laminate Flooring Installation",flooring,vinyl-flooring-fitting
landing-valve-replacement,"Landing Valve Replacement",dry-risers,dry-riser-remedial-works
landlord-asbestos-survey,"Landlord Asbestos Survey",asbestos-survey,commercial-asbestos-survey
landlord-audit-pack,"Landlord Audit Pack",landlord-compliance,rent-ready-compliance-package
landlord-bathroom-upgrade,"Landlord Bathroom Upgrade",bathrooms,bathroom-refurbishment
landlord-boiler-service,"Landlord Boiler Service",gas-systems,boiler-service
landlord-brickwork-repairs,"Landlord Brickwork Repairs",brickwork,chimney-brickwork
landlord-building-maintenance,"Landlord Building Maintenance",building-maintenance,commercial-building-maintenance
landlord-cctv-installation,"Landlord CCTV Installation",cctv,commercial-cctv-package
landlord-certificate-bundle-north-west,"Landlord Certificate Bundle North West",landlord-compliance,agent-compliance-support
landlord-compartmentation-survey,"Landlord Compartmentation Survey",fire-compartmentation,fire-barrier-installation
landlord-compliance-consultancy,"Landlord Compliance Consultancy",compliance-consultancy,portfolio-compliance-audit
landlord-compliance-package,"Landlord Compliance Package",landlord-compliance,void-property-compliance
landlord-condition-report,"Landlord Condition Report",building-surveys,pre-purchase-building-survey-support
landlord-cp12,"Landlord CP12",gas-systems,cp12
landlord-damp-remedial,"Landlord Damp Remedial",damp-proofing,basement-tanking-support
landlord-door-entry,"Landlord Door Entry",door-entry,ip-door-entry-system
landlord-eicr,"Landlord EICR",electrical,eicr
landlord-electrical-certificate,"Landlord Electrical Certificate",electrical,eicr
landlord-electrical-certificate-north-west,"Landlord Electrical Certificate North West",electrical,landlord-eicr
landlord-electrical-safety-check,"Landlord Electrical Safety Check",electrical,landlord-eicr
landlord-emergency-lighting,"Landlord Emergency Lighting",emergency-lighting,emergency-lighting-certificate
landlord-extension-support,"Landlord Extension Support",extensions,kitchen-extension-build
landlord-external-works,"Landlord External Works",landscaping,path-installation
landlord-extinguisher-service,"Landlord Extinguisher Service",fire-extinguishers,commercial-extinguisher-package
landlord-fire-alarm,"Landlord Fire Alarm",fire-alarms,fire-alarm-certification
landlord-fire-and-electrical-package,"Landlord Fire and Electrical Package",landlord-compliance,letting-compliance-check
landlord-fire-door-survey,"Landlord Fire Door Survey",fire-doors,fire-door-frame-repair
landlord-fire-risk-assessment,"Landlord Fire Risk Assessment",fire-risk-assessments,commercial-fire-risk-assessment
landlord-fire-signage,"Landlord Fire Signage",fire-signage,commercial-fire-sign-survey
landlord-fire-stopping,"Landlord Fire Stopping",fire-stopping,putty-pad-installation
landlord-flooring-package,"Landlord Flooring Package",flooring,underlay-installation
landlord-gas,"Landlord Gas",gas-systems,landlord-gas-safety
landlord-gas-certificate,"Landlord Gas Certificate",gas-systems,landlord-gas-safety-certificate
landlord-gas-safety,"Landlord Gas Safety",gas-systems,cp12
landlord-gas-safety-certificate,"Landlord Gas Safety Certificate",gas-systems,gas-safety-certificate
landlord-gas-safety-inspection,"Landlord Gas Safety Inspection",gas-systems,landlord-gas-safety-certificate
landlord-gas-safety-north-west,"Landlord Gas Safety North West",gas-systems,gas-appliance-service
landlord-heating-upgrade,"Landlord Heating Upgrade",heating,boiler-repair-support
landlord-insulation-upgrade,"Landlord Insulation Upgrade",insulation,epc-insulation-works
landlord-joinery-repairs,"Landlord Joinery Repairs",joinery,bespoke-shelving
landlord-kitchen-upgrade,"Landlord Kitchen Upgrade",kitchens,apartment-kitchen-fitting
landlord-legionella-risk-assessment,"Landlord Legionella Risk Assessment",legionella-risk-assessment,commercial-legionella-risk-assessment
landlord-painting-package,"Landlord Painting Package",painting-decorating,void-redecoration
landlord-plastering-repairs,"Landlord Plastering Repairs",plastering,commercial-plastering
landlord-plumbing-repairs,"Landlord Plumbing Repairs",plumbing,pipework-replacement
landlord-refurb-project-support,"Landlord Refurb Project Support",project-management,refurbishment-project-manager
landlord-render-repairs,"Landlord Render Repairs",rendering,render-crack-repair
landlord-renovation-package,"Landlord Renovation Package",renovation,void-property-renovation
landlord-rewire,"Landlord Rewire",electrical,domestic-rewire
landlord-roof-repairs,"Landlord Roof Repairs",roofing,epdm-flat-roof
landlord-safety-certificate,"Landlord Safety Certificate",electrical,landlord-electrical-certificate
landlord-safety-certificates-bundle,"Landlord Safety Certificates Bundle",landlord-compliance,hmo-compliance-package
landlord-tiling-package,"Landlord Tiling Package",tiling,large-format-tiling
landlord-window-replacement,"Landlord Window Replacement",windows-doors,door-lock-upgrade
large-format-tiling,"Large Format Tiling",tiling,splashback-tiling
leak-detection-support,"Leak Detection Support",plumbing,kitchen-plumbing
led-emergency-lighting,"LED Emergency Lighting",emergency-lighting,emergency-lighting-system
led-emergency-lighting-conversion,"LED Emergency Lighting Conversion",emergency-lighting,led-emergency-lighting
legionella-risk-assessment,"Legionella Risk Assessment",legionella-risk-assessment,legionella-testing
legionella-testing,"Legionella Testing",legionella-risk-assessment,legionella-water-testing
legionella-water-testing,"Legionella Water Testing",legionella-risk-assessment,water-hygiene-testing
legionnaires-disease-risk-assessment,"Legionnaires Disease Risk Assessment",legionella-risk-assessment,legionella-risk-assessment
letting-compliance-check,"Letting Compliance Check",landlord-compliance,portfolio-compliance-management
lettings-gas-certificate,"Lettings Gas Certificate",gas-systems,landlord-gas-safety-certificate
lgsr-certificate,"LGSR Certificate",gas-systems,landlord-gas-safety-certificate
life-safety-ventilation,"Life Safety Ventilation",aov-air-handling,smoke-control-system
lift-access-control,"Lift Access Control",access-control,access-control-installation
light-commercial-refurbishment,"Light Commercial Refurbishment",commercial-fit-out,warehouse-office-fit-out
light-touch-renovation,"Light Touch Renovation",renovation,full-house-refurbishment
lighting-circuit-installation,"Lighting Circuit Installation",electrical,electrical-installation
lighting-first-fix,"Lighting First Fix",electrics-first-fix,back-box-installation
lighting-installation,"Lighting Installation",electrical,energy-efficient-lighting
linear-gap-seals,"Linear Gap Seals",fire-stopping,open-state-cavity-barrier
lobby-smoke-ventilation,"Lobby Smoke Ventilation",aov-air-handling,smoke-control-system
local-application-suppression,"Local Application Suppression",fire-suppression,fire-suppression-maintenance-contract
loft-conversion,"Loft Conversion",loft-conversions,dormer-loft-conversion
loft-conversion-building-works,"Loft Conversion Building Works",loft-conversions,loft-insulation-for-conversion
loft-conversion-electrics-first-fix,"Loft Conversion Electrics First Fix",electrics-first-fix,conversion-first-fix-electrics
loft-floor-carpentry,"Loft Floor Carpentry",carpentry,site-carpentry-package
loft-floor-strengthening,"Loft Floor Strengthening",loft-conversions,fire-door-for-loft-conversion
loft-insulation,"Loft Insulation",insulation,internal-wall-insulation
loft-insulation-for-conversion,"Loft Insulation for Conversion",loft-conversions,loft-stairs-installation
loft-rewire,"Loft Rewire",electrical,partial-rewire
loft-stairs-installation,"Loft Stairs Installation",loft-conversions,velux-loft-conversion
louvre-aov,"Louvre AOV",aov-air-handling,roof-aov
lpg-gas-safety,"LPG Gas Safety",gas-systems,gas-safety
magnetic-lock-installation,"Magnetic Lock Installation",access-control,access-control-installation
maintained-emergency-lighting,"Maintained Emergency Lighting",emergency-lighting,non-maintained-emergency-lighting
mandatory-fire-signage-package,"Mandatory Fire Signage Package",fire-signage,no-smoking-fire-signs
manual-call-point,"Manual Call Point",fire-alarms,fire-alarm-panel
masonry-crack-repair,"Masonry Crack Repair",brickwork,landlord-brickwork-repairs
master-key-fire-door-sets,"Master Key Fire Door Sets",fire-doors,fire-door-compliance-check
master-station-intercom,"Master Station Intercom",intercoms,intercom-system
mechanical-smoke-extract,"Mechanical Smoke Extract",aov-air-handling,natural-smoke-ventilation
mechanical-smoke-ventilation,"Mechanical Smoke Ventilation",aov-air-handling,smoke-control-system
meeting-room-fit-out,"Meeting Room Fit Out",commercial-fit-out,reception-fit-out
metal-stud-partition,"Metal Stud Partition",dry-lining,dry-lining-installation
monitored-intruder-alarm,"Monitored Intruder Alarm",intruder-alarm,intruder-alarm-installation
monocouche-render,"Monocouche Render",rendering,render-repairs
morley-fire-alarm-panel,"Morley Fire Alarm Panel",fire-alarms,fire-alarm-panel
multi-building-intercom,"Multi Building Intercom",intercoms,intercom-system
multi-door-access-control,"Multi Door Access Control",access-control,access-control-installation
multi-property-gas-certificates,"Multi Property Gas Certificates",gas-systems,landlord-gas-safety-certificate
multi-property-landlord-package,"Multi Property Landlord Package",landlord-compliance,annual-landlord-compliance
multi-room-renovation-coordination,"Multi Room Renovation Coordination",property-refurbishment-pm,staged-refurbishment-plan
multi-site-access-control,"Multi Site Access Control",access-control,access-control-installation
multi-site-alarm-maintenance,"Multi Site Alarm Maintenance",intruder-alarm,intruder-alarm-servicing
multi-site-aov-maintenance,"Multi Site AOV Maintenance",aov-air-handling,aov-maintenance
multi-site-cctv,"Multi Site CCTV",cctv,commercial-cctv-system
multi-site-cctv-monitoring-setup,"Multi Site CCTV Monitoring Setup",cctv,cctv-system-upgrade
multi-site-compliance-strategy,"Multi Site Compliance Strategy",compliance-consultancy,regulatory-compliance-review
multi-site-emergency-lighting-contract,"Multi Site Emergency Lighting Contract",emergency-lighting,emergency-lighting-maintenance
multi-site-extinguisher-service,"Multi Site Extinguisher Service",fire-extinguishers,fire-point-setup
multi-site-fire-alarm-maintenance,"Multi Site Fire Alarm Maintenance",fire-alarms,fire-alarm-maintenance
multi-site-fire-risk-assessments,"Multi Site Fire Risk Assessments",fire-risk-assessments,fire-risk-assessment-certificate
multi-site-fm-support,"Multi Site FM Support",facilities-management,ppm-contract-compliance
multi-site-nurse-call-contract,"Multi Site Nurse Call Contract",nurse-call,htm-nurse-call-support
multi-site-nurse-call-maintenance,"Multi Site Nurse Call Maintenance",nurse-call,nurse-call-maintenance
multi-site-sprinkler-contracts,"Multi Site Sprinkler Contracts",sprinkler-systems,sprinkler-system-remedial-works
multi-tenant-door-entry,"Multi Tenant Door Entry",door-entry,apartment-door-entry
multi-tenant-intercom,"Multi Tenant Intercom",intercoms,apartment-intercom-system
multi-trade-project-management,"Multi Trade Project Management",project-management,construction-project-coordination
natural-smoke-ventilation,"Natural Smoke Ventilation",aov-air-handling,automatic-smoke-vent
new-boiler-cost,"New Boiler Cost",gas-systems,boiler-cost
new-boiler-quote,"New Boiler Quote",gas-systems,gas-boiler-installation
new-build-electrical,"New Build Electrical",electrical,landlord-electrical-safety-check
new-build-electrical-installation,"New Build Electrical Installation",electrical,new-electrical-installation
new-build-first-fix-electrics,"New Build First Fix Electrics",electrics-first-fix,first-fix-electrical
new-electrical-installation,"New Electrical Installation",electrical,electrical-installation
new-kitchen-fit-out,"New Kitchen Fit Out",kitchens,kitchen-unit-installation
new-premises-fire-risk-assessment,"New Premises Fire Risk Assessment",fire-risk-assessments,annual-fire-risk-assessment
new-tenancy-compliance-pack,"New Tenancy Compliance Pack",landlord-compliance,landlord-fire-and-electrical-package
niceic-certified,"NICEIC Certified",electrical,certified-electrician
no-heating-engineer,"No Heating Engineer",gas-systems,boiler-breakdown
no-hot-water-boiler,"No Hot Water Boiler",gas-systems,combi-boiler-repair
no-smoking-fire-signs,"No Smoking Fire Signs",fire-signage,assembly-point-signs
non-maintained-emergency-lighting,"Non Maintained Emergency Lighting",emergency-lighting,maintained-emergency-lighting
number-plate-recognition-camera,"Number Plate Recognition Camera",cctv,anpr-cctv-system
nurse-call-battery-backup,"Nurse Call Battery Backup",nurse-call,nurse-call-panel
nurse-call-battery-replacement,"Nurse Call Battery Replacement",nurse-call,nurse-call-maintenance
nurse-call-certification,"Nurse Call Certification",nurse-call,htm-08-03
nurse-call-commissioning,"Nurse Call Commissioning",nurse-call,nurse-call-system-installation
nurse-call-compliance,"Nurse Call Compliance",nurse-call,htm-08-03
nurse-call-engineer,"Nurse Call Engineer",nurse-call,nurse-call-near-me
nurse-call-engineers,"Nurse Call Engineers",nurse-call,nurse-call-system
nurse-call-handset-replacement,"Nurse Call Handset Replacement",nurse-call,wireless-nurse-call
nurse-call-integration,"Nurse Call Integration",nurse-call,ip-nurse-call-system
nurse-call-maintenance,"Nurse Call Maintenance",nurse-call,nurse-call-system-installation
nurse-call-maintenance-contract,"Nurse Call Maintenance Contract",nurse-call,nurse-call-system-maintenance
nurse-call-near-me,"Nurse Call Near Me",nurse-call,nurse-call-engineer
nurse-call-panel,"Nurse Call Panel",nurse-call,touch-screen-nurse-call
nurse-call-panel-installation,"Nurse Call Panel Installation",nurse-call,nurse-call-system
nurse-call-panel-service,"Nurse Call Panel Service",nurse-call,staff-attack-system
nurse-call-pear-lead-replacement,"Nurse Call Pear Lead Replacement",nurse-call,nurse-call-maintenance
nurse-call-pendant,"Nurse Call Pendant",nurse-call,pull-cord-nurse-call
nurse-call-point-installation,"Nurse Call Point Installation",nurse-call,nurse-call-system
nurse-call-repair,"Nurse Call Repair",nurse-call,nurse-call-maintenance
nurse-call-service-contract,"Nurse Call Service Contract",nurse-call,nurse-call-maintenance
nurse-call-servicing,"Nurse Call Servicing",nurse-call,nurse-call-testing
nurse-call-system,"Nurse Call System",nurse-call,hospital-nurse-call-system
nurse-call-system-design,"Nurse Call System Design",nurse-call,nurse-call-system
nurse-call-system-installation,"Nurse Call System Installation",nurse-call,nurse-call-system
nurse-call-system-maintenance,"Nurse Call System Maintenance",nurse-call,nurse-call-servicing
nurse-call-system-repair,"Nurse Call System Repair",nurse-call,nurse-call-engineer
nurse-call-system-upgrade,"Nurse Call System Upgrade",nurse-call,nurse-call-system-installation
nurse-call-testing,"Nurse Call Testing",nurse-call,nurse-call-certification
nurse-call-upgrade,"Nurse Call Upgrade",nurse-call,nurse-call-system
nursing-home-call-system,"Nursing Home Call System",nurse-call,nurse-call-panel-service
nursing-home-nurse-call,"Nursing Home Nurse Call",nurse-call,care-home-nurse-call
nvr-installation,"NVR Installation",cctv,cctv-recording
office-access-control,"Office Access Control",access-control,access-control-installation
office-access-control-system,"Office Access Control System",access-control,commercial-access-control
office-alarm-installation,"Office Alarm Installation",intruder-alarm,commercial-intruder-alarm
office-cctv-installation,"Office CCTV Installation",cctv,commercial-cctv-system
office-electrical-testing,"Office Electrical Testing",electrical,commercial-eicr
office-emergency-lighting,"Office Emergency Lighting",emergency-lighting,emergency-lighting-installation
office-fire-alarm-installation,"Office Fire Alarm Installation",fire-alarms,fire-alarm-panel
office-fire-extinguishers,"Office Fire Extinguishers",fire-extinguishers,landlord-extinguisher-service
office-fire-risk-assessment,"Office Fire Risk Assessment",fire-risk-assessments,block-of-flats-fire-risk-assessment
office-fit-out,"Office Fit Out",commercial-fit-out,commercial-fit-out
office-intercom-system,"Office Intercom System",intercoms,intercom-system
open-area-emergency-lighting,"Open Area Emergency Lighting",emergency-lighting,emergency-lighting-system
open-state-cavity-barrier,"Open State Cavity Barrier",fire-stopping,retrofit-fire-stopping
opening-forming-brickwork,"Opening Forming Brickwork",brickwork,garden-wall-building
orangery-base-works,"Orangery Base Works",extensions,extension-first-fix-package
out-of-hours-electrician,"Out of Hours Electrician",electrical,emergency-electrician
out-of-hours-fm-support,"Out of Hours FM Support",facilities-management,commercial-ppm-package
outdoor-cctv-installation,"Outdoor CCTV Installation",cctv,multi-site-cctv-monitoring-setup
outdoor-intercom-station,"Outdoor Intercom Station",intercoms,intercom-system
outside-socket-installation,"Outside Socket Installation",electrical,electrical-installation
outside-tap-installation,"Outside Tap Installation",plumbing,water-softener-installation-support
over-door-light-nurse-call,"Over Door Light Nurse Call",nurse-call,nurse-call-panel
painting-and-decorating,"Painting and Decorating",painting-decorating,interior-painting
panel-replacement-door-entry,"Panel Replacement Door Entry",door-entry,door-entry-handset-replacement
panel-upgrade,"Panel Upgrade",electrical,consumer-unit-upgrade
part-p-certified,"Part P Certified",electrical,certified-electrician
partial-rewire,"Partial Rewire",electrical,electrical-wiring-installation
partition-carpentry,"Partition Carpentry",carpentry,loft-floor-carpentry
partition-fit-out,"Partition Fit Out",commercial-fit-out,retail-fit-out-support
pas-79-fire-risk-assessment,"PAS 79 Fire Risk Assessment",fire-risk-assessments,type-4-fire-risk-assessment
passive-fire-protection,"Passive Fire Protection",fire-stopping,service-riser-fire-stopping
pat-testing,"PAT Testing",electrical,electrical-safety-inspection
patch-plastering,"Patch Plastering",plastering,plasterboard-installation
path-installation,"Path Installation",landscaping,garden-clearance-for-works
patio-base-preparation,"Patio Base Preparation",groundworks,drainage-installation
patio-door-installation,"Patio Door Installation",windows-doors,secondary-glazing-support
patio-installation,"Patio Installation",landscaping,hard-landscaping
paxton-access,"Paxton Access Control",access-control,proximity-card-reader
paxton-access-control,"Paxton Access Control",access-control,paxton-access
paxton-net2-install,"Paxton Net2 Install",access-control,paxton-access
paxton-net2-maintenance,"Paxton Net2 Maintenance",access-control,paxton-net2-install
pd-6662-alarm-system,"PD 6662 Alarm System",intruder-alarm,pd6662-alarm-system
pd6662-alarm-system,"PD6662 Alarm System",intruder-alarm,bs-4737
pebbledash-repair,"Pebbledash Repair",rendering,silicone-render-system
peep-alert-devices,"PEEP Alert Devices",evacuation-alerts,bs-8629-evacuation-alert
penetrating-damp-repairs,"Penetrating Damp Repairs",damp-proofing,rising-damp-treatment
penetration-seals,"Penetration Seals",fire-stopping,fire-stopping-survey
period-property-renovation-support,"Period Property Renovation Support",renovation,commercial-unit-renovation
periodic-electrical-inspection,"Periodic Electrical Inspection",electrical,eicr
periodic-emergency-lighting-test,"Periodic Emergency Lighting Test",emergency-lighting,emergency-lighting-testing
periodic-fire-alarm-service,"Periodic Fire Alarm Service",fire-alarms,fire-alarm-servicing
periodic-inspection,"Periodic Inspection",electrical,eicr
periodic-inspection-report,"Periodic Inspection Report",electrical,eicr
photoluminescent-signage,"Photoluminescent Signage",fire-signage,fire-safety-signs-installation
pipe-fire-stopping,"Pipe Fire Stopping",fire-stopping,fire-collar-installation
pipe-insulation,"Pipe Insulation",insulation,sound-insulation-boarding
pipework-replacement,"Pipework Replacement",plumbing,tap-replacement
pir-security-lighting,"PIR Security Lighting",emergency-lighting,external-security-lighting
pir-sensor-installation,"PIR Sensor Installation",intruder-alarm,intruder-alarm-installation
planned-building-maintenance,"Planned Building Maintenance",building-maintenance,estate-maintenance-package
plant-room-suppression,"Plant Room Suppression",fire-suppression,server-room-suppression
plasterboard-installation,"Plasterboard Installation",plastering,skim-coat-plastering
plasterboard-partition-walls,"Plasterboard Partition Walls",dry-lining,fire-rated-boarding
plastering-for-renovation,"Plastering for Renovation",plastering,smooth-finish-plastering
plastering-services,"Plastering Services",plastering,skim-coat-plastering
plumbing-services,"Plumbing Services",plumbing,emergency-plumber
police-response-alarm,"Police Response Alarm",intruder-alarm,intruder-alarm-installation
porcelain-tile-installation,"Porcelain Tile Installation",tiling,kitchen-tiling
portable-appliance-testing,"Portable Appliance Testing",electrical,pat-testing
portfolio-compliance-audit,"Portfolio Compliance Audit",compliance-consultancy,property-compliance-advice
portfolio-compliance-management,"Portfolio Compliance Management",landlord-compliance,landlord-safety-certificates-bundle
portfolio-cp12,"Portfolio CP12",gas-systems,portfolio-gas-certificates
portfolio-gas-certificates,"Portfolio Gas Certificates",gas-systems,hmo-gas-safety
powder-fire-extinguisher,"Powder Fire Extinguisher",fire-extinguishers,water-fire-extinguisher
power-flush-heating,"Power Flush Heating",gas-systems,gas-boiler-servicing
power-surge-protection,"Power Surge Protection",electrical,electrical-installation
powerflush-heating-system,"Powerflush Heating System",heating,heating-controls-upgrade
ppm-contract-compliance,"PPM Contract Compliance",facilities-management,facilities-management-compliance
pre-construction-information-pack,"Pre Construction Information Pack",cdm-support,cdm-support-small-works
pre-purchase-building-survey-support,"Pre Purchase Building Survey Support",building-surveys,snagging-survey
pre-works-survey,"Pre Works Survey",building-surveys,schedule-of-condition
preventive-electrical-maintenance,"Preventive Electrical Maintenance",electrical,electrical-maintenance
price-of-rewire,"Price of Rewire",electrical,rewire
principal-contractor-support-small-sites,"Principal Contractor Support Small Sites",cdm-support,cdm-rams-coordination
programme-management-building-works,"Programme Management Building Works",project-management,site-project-supervision
property-compliance-advice,"Property Compliance Advice",compliance-consultancy,fire-compliance-consultancy
property-refurbishment-management,"Property Refurbishment Management",property-refurbishment-pm,kitchen-bathroom-refurb-coordination
property-renovation,"Property Renovation",renovation,house-renovation
proximity-card-reader,"Proximity Card Reader",access-control,paxton-access
proximity-card-reader-installation,"Proximity Card Reader Installation",access-control,proximity-card-reader
proximity-reader-installation,"Proximity Reader Installation",access-control,access-control-upgrade
ptz-camera-installation,"PTZ Camera Installation",cctv,cctv-installation
pull-cord-nurse-call,"Pull Cord Nurse Call",nurse-call,bedside-nurse-call
putty-pad-installation,"Putty Pad Installation",fire-stopping,fire-batt-installation
pyronix-alarm-installation,"Pyronix Alarm Installation",intruder-alarm,intruder-alarm-installation
quantec-nurse-call,"Quantec Nurse Call",nurse-call,nurse-call-system
radiator-installation,"Radiator Installation",plumbing,leak-detection-support
radiator-replacement,"Radiator Replacement",heating,combi-boiler-install
rauland-nurse-call,"Rauland Nurse Call",nurse-call,nurse-call-system
rcbo-consumer-unit,"RCBO Consumer Unit",electrical,consumer-unit-upgrade
rcbo-upgrade,"RCBO Upgrade",electrical,electrical-remedial-works
re-plaster-after-damp,"Re-plaster After Damp",plastering,dot-and-dab-boarding
reactive-building-repairs,"Reactive Building Repairs",building-maintenance,building-maintenance-contract
reactive-maintenance-call-out,"Reactive Maintenance Call Out",facilities-management,multi-site-fm-support
rear-extension-build,"Rear Extension Build",extensions,single-storey-extension
reception-fit-out,"Reception Fit Out",commercial-fit-out,light-commercial-refurbishment
reception-intercom,"Reception Intercom",intercoms,intercom-system
refurbishment-project-manager,"Refurbishment Project Manager",project-management,multi-trade-project-management
regular-boiler-installation,"Regular Boiler Installation",gas-systems,boiler-installation
regulatory-compliance-review,"Regulatory Compliance Review",compliance-consultancy,building-compliance-action-plan
remote-cctv-access,"Remote CCTV Access",cctv,cctv-monitoring
remote-viewing-cctv,"Remote Viewing CCTV",cctv,cctv-maintenance
render-crack-repair,"Render Crack Repair",rendering,house-rendering-package
render-repairs,"Render Repairs",rendering,external-rendering
renovation-first-fix-wiring,"Renovation First Fix Wiring",electrics-first-fix,new-build-first-fix-electrics
rent-ready-compliance-package,"Rent Ready Compliance Package",landlord-compliance,landlord-certificate-bundle-north-west
rental-kitchen-refurb,"Rental Kitchen Refurb",kitchens,hmo-kitchen-fitting
replaster-after-damp-proofing,"Replaster After Damp Proofing",damp-proofing,chemical-dpc-injection
repointing-services,"Repointing Services",brickwork,brickwork-repairs
residential-care-call-system,"Residential Care Call System",nurse-call,care-home-nurse-call
residential-care-nurse-call,"Residential Care Nurse Call",nurse-call,care-home-nurse-call
residential-door-entry,"Residential Door Entry",door-entry,apartment-door-entry
residential-electrician,"Residential Electrician",electrical,full-house-rewire
residential-intercom,"Residential Intercom",intercoms,apartment-intercom-system
residential-intruder-alarm,"Residential Intruder Alarm",intruder-alarm,wireless-intruder-alarm
residential-sprinkler-advice,"Residential Sprinkler Advice",sprinkler-systems,sprinkler-system-survey
restaurant-fire-suppression,"Restaurant Fire Suppression",kitchen-fire-suppression,kitchen-suppression-servicing
retail-cctv-system,"Retail CCTV System",cctv,warehouse-cctv
retail-fire-risk-assessment,"Retail Fire Risk Assessment",fire-risk-assessments,care-home-fire-risk-assessment
retail-fit-out-support,"Retail Fit Out Support",commercial-fit-out,office-fit-out
retrofit-fire-stopping,"Retrofit Fire Stopping",fire-stopping,fire-stopping-certificate
rewire,"House Rewire",electrical,consumer-unit-upgrade
rewire-cost,"Rewire Cost",electrical,price-of-rewire
risco-alarm-installation,"Risco Alarm Installation",intruder-alarm,intruder-alarm-installation
rising-damp-treatment,"Rising Damp Treatment",damp-proofing,damp-proofing
rising-main-test,"Rising Main Test",dry-risers,dry-riser-outlet-service
roof-aov,"Roof AOV",aov-air-handling,window-aov
roof-inspection,"Roof Inspection",roofing,fascia-and-soffit-replacement
roof-leak-repair,"Roof Leak Repair",roofing,chimney-repairs
roof-repairs,"Roof Repairs",roofing,flat-roof-installation
roof-smoke-vent-installation,"Roof Smoke Vent Installation",aov-air-handling,smoke-vent-system
roof-tile-replacement,"Roof Tile Replacement",roofing,guttering-replacement
room-in-roof-insulation,"Room in Roof Insulation",insulation,floor-insulation
running-man-exit-signs,"Running Man Exit Signs",emergency-lighting,emergency-exit-lighting
salto-access-control,"Salto Access Control",access-control,access-control-installation
salto-access-system-support,"Salto Access System Support",access-control,hid-access-control
same-day-cp12,"Same Day CP12",gas-systems,gas-certificate-same-day
schedule-of-condition,"Schedule of Condition",building-surveys,defect-survey
school-fire-risk-assessment,"School Fire Risk Assessment",fire-risk-assessments,retail-fire-risk-assessment
school-intercom-system,"School Intercom System",intercoms,intercom-system
se-controls-aov,"SE Controls AOV",aov-air-handling,aov-system
second-fix-carpentry,"Second Fix Carpentry",carpentry,first-fix-carpentry
secondary-glazing-support,"Secondary Glazing Support",windows-doors,landlord-window-replacement
secure-door-entry-access,"Secure Door Entry Access",access-control,door-access-control
secure-entry-intercom,"Secure Entry Intercom",intercoms,video-intercom
security-alarm-installation,"Security Alarm Installation",intruder-alarm,burglar-alarm-system
security-camera-installation,"Security Camera Installation",cctv,cctv-installation
security-lighting-installation,"Security Lighting Installation",emergency-lighting,emergency-lighting-installation
self-test-emergency-lighting,"Self Test Emergency Lighting",emergency-lighting,emergency-lighting-testing
self-testing-emergency-lighting,"Self Testing Emergency Lighting",emergency-lighting,automatic-emergency-lighting-test
server-room-suppression,"Server Room Suppression",fire-suppression,fire-suppression-servicing
service-riser-compartmentation,"Service Riser Compartmentation",fire-compartmentation,floor-compartmentation
service-riser-fire-stopping,"Service Riser Fire Stopping",fire-stopping,cable-fire-stopping
shaft-wall-boarding-support,"Shaft Wall Boarding Support",dry-lining,commercial-dry-lining
shock-sensor-installation,"Shock Sensor Installation",intruder-alarm,intruder-alarm-installation
shop-alarm-installation,"Shop Alarm Installation",intruder-alarm,commercial-intruder-alarm
shop-cctv-installation,"Shop CCTV Installation",cctv,commercial-cctv-system
shop-fit-out-works,"Shop Fit Out Works",commercial-fit-out,cat-b-fit-out-package
shower-installation,"Shower Installation",bathrooms,hmo-bathroom-fitting
shower-pump-installation,"Shower Pump Installation",plumbing,outside-tap-installation
side-return-extension,"Side Return Extension",extensions,rear-extension-build
siedle-intercom,"Siedle Intercom",intercoms,intercom-system
significant-findings-fire-risk,"Significant Findings Fire Risk",fire-risk-assessments,fire-safety-audit
silicone-render-system,"Silicone Render System",rendering,monocouche-render
single-storey-extension,"Single Storey Extension",extensions,home-extension-building
sip-intercom-installation,"SIP Intercom Installation",intercoms,intercom-system
site-carpentry-package,"Site Carpentry Package",carpentry,door-frame-installation
site-project-supervision,"Site Project Supervision",project-management,compliance-project-coordination
skim-coat-plastering,"Skim Coat Plastering",plastering,plastering-services
skirting-boards-fitting,"Skirting Boards Fitting",joinery,door-hanging
smart-heating-controls-gas,"Smart Heating Controls",gas-systems,gas-central-heating
smart-home-alarm-installation,"Smart Home Alarm Installation",intruder-alarm,wireless-intruder-alarm
smart-home-wiring,"Smart Home Wiring",electrical,home-electrical-upgrade
smart-thermostat-installation,"Smart Thermostat Installation",heating,heating-system-flush
smartphone-door-entry,"Smartphone Door Entry",door-entry,video-door-entry
smell-of-gas,"Smell of Gas",gas-systems,gas-emergency
smoke-alarm-installation,"Smoke Alarm Installation",fire-alarms,heat-detector-installation
smoke-control-engineers,"Smoke Control Engineers",aov-air-handling,smoke-control-system
smoke-control-panel-service,"Smoke Control Panel Service",aov-air-handling,aov-maintenance
smoke-control-system,"Smoke Control System",aov-air-handling,smoke-vent-system
smoke-control-system-maintenance,"Smoke Control System Maintenance",aov-air-handling,smoke-vent-installation
smoke-curtain-maintenance,"Smoke Curtain Maintenance",aov-air-handling,aov-battery-replacement
smoke-detector-installation-commercial,"Smoke Detector Installation Commercial",fire-alarms,fire-alarm-installation
smoke-shaft-aov,"Smoke Shaft AOV",aov-air-handling,smoke-control-system
smoke-shaft-maintenance,"Smoke Shaft Maintenance",aov-air-handling,aov-actuator-replacement
smoke-vent-installation,"Smoke Vent Installation",aov-air-handling,aov-servicing
smoke-vent-system,"Smoke Vent System",aov-air-handling,smoke-control-system
smooth-finish-plastering,"Smooth Finish Plastering",plastering,artex-cover-up-plastering
snagging-survey,"Snagging Survey",building-surveys,building-condition-survey
soakaway-installation-support,"Soakaway Installation Support",groundworks,trench-dig-services
socket-first-fix,"Socket First Fix",electrics-first-fix,lighting-first-fix
socket-installation,"Socket Installation",electrical,electrical-installation
solar-inverter-installation,"Solar Inverter Installation",electrical,solar-panel-installation
solar-panel-installation,"Solar Panel Installation",electrical,solar-inverter-installation
solid-wood-floor-fitting,"Solid Wood Floor Fitting",flooring,bathroom-vinyl-flooring
sound-insulation-boarding,"Sound Insulation Boarding",insulation,insulation-upgrade-package
sounder-beacon,"Sounder Beacon",fire-alarms,fire-alarm-system
splashback-tiling,"Splashback Tiling",tiling,commercial-floor-tiling
spray-painting-walls,"Spray Painting Walls",painting-decorating,woodwork-painting
sprinkler-alarm-interface,"Sprinkler Alarm Interface",sprinkler-systems,warehouse-sprinkler-maintenance
sprinkler-compliance-check,"Sprinkler Compliance Check",sprinkler-systems,multi-site-sprinkler-contracts
sprinkler-flow-test,"Sprinkler Flow Test",sprinkler-systems,residential-sprinkler-advice
sprinkler-head-replacement,"Sprinkler Head Replacement",sprinkler-systems,sprinkler-valve-inspection
sprinkler-system-inspection,"Sprinkler System Inspection",sprinkler-systems,sprinkler-system-maintenance
sprinkler-system-maintenance,"Sprinkler System Maintenance",sprinkler-systems,sprinkler-system-inspection
sprinkler-system-remedial-works,"Sprinkler System Remedial Works",sprinkler-systems,sprinkler-flow-test
sprinkler-system-survey,"Sprinkler System Survey",sprinkler-systems,sprinkler-head-replacement
sprinkler-system-testing,"Sprinkler System Testing",sprinkler-systems,sprinkler-system-inspection
sprinkler-valve-inspection,"Sprinkler Valve Inspection",sprinkler-systems,commercial-sprinkler-service
staff-attack-alarm,"Staff Attack Alarm",nurse-call,emergency-assistance-alarm
staff-attack-alarm-system,"Staff Attack Alarm System",nurse-call,nurse-call-system
staff-attack-system,"Staff Attack System",nurse-call,emergency-pull-cord-system
staged-refurbishment-plan,"Staged Refurbishment Plan",property-refurbishment-pm,void-refurb-management
staircase-joinery-repairs,"Staircase Joinery Repairs",joinery,boxing-in-pipes
stairwell-smoke-vent,"Stairwell Smoke Vent",aov-air-handling,smoke-shaft-aov
static-systems-nurse-call,"Static Systems Nurse Call",nurse-call,nurse-call-system
structural-ready-renovation,"Structural Ready Renovation",renovation,cosmetic-renovation-package
stud-wall-construction,"Stud Wall Construction",carpentry,second-fix-carpentry
suitable-and-sufficient-fra,"Suitable and Sufficient FRA",fire-risk-assessments,fire-risk-assessment-north-west
suppression-cylinder-service,"Suppression Cylinder Service",fire-suppression,fire-suppression-commissioning
suppression-detection-integration,"Suppression Detection Integration",fire-suppression,archive-room-suppression
suppression-system-design-support,"Suppression System Design Support",fire-suppression,suppression-cylinder-service
system-boiler-installation,"System Boiler Installation",heating,landlord-heating-upgrade
takeaway-kitchen-fire-safety,"Takeaway Kitchen Fire Safety",kitchen-fire-suppression,restaurant-fire-suppression
tanking-system-installation,"Tanking System Installation",damp-proofing,penetrating-damp-repairs
tap-replacement,"Tap Replacement",plumbing,toilet-installation
tenant-gas-certificate,"Tenant Gas Certificate",gas-systems,gas-certificate-for-tenants
texecom-alarm-installation,"Texecom Alarm Installation",intruder-alarm,intruder-alarm-installation
texecom-intruder-alarm,"Texecom Intruder Alarm",intruder-alarm,intruder-alarm-panel
three-phase-electrical-installation,"Three Phase Electrical Installation",electrical,eicr
three-phase-installation,"Three Phase Installation",electrical,electrical-fault-finding
through-colour-render,"Through Colour Render",rendering,weatherproof-coatings
tile-removal-and-retile,"Tile Removal and Retile",tiling,ceramic-tile-fitting
timber-frame-repairs,"Timber Frame Repairs",carpentry,stud-wall-construction
time-attendance-access-control,"Time Attendance Access Control",access-control,access-control-installation
toilet-installation,"Toilet Installation",plumbing,radiator-installation
touch-screen-nurse-call,"Touch Screen Nurse Call",nurse-call,nurse-call-panel
trade-button-door-entry,"Trade Button Door Entry",door-entry,door-entry-system
trench-dig-services,"Trench Dig Services",groundworks,hardstanding-installation
tunstall-nurse-call,"Tunstall Nurse Call",nurse-call,nurse-call-system
turf-laying,"Turf Laying",landscaping,block-paving-installation
type-1-fire-risk-assessment,"Type 1 Fire Risk Assessment",fire-risk-assessments,fire-risk-assessment-review
type-3-fire-risk-assessment,"Type 3 Fire Risk Assessment",fire-risk-assessments,type-1-fire-risk-assessment
type-4-fire-risk-assessment,"Type 4 Fire Risk Assessment",fire-risk-assessments,type-3-fire-risk-assessment
underfloor-heating-support,"Underfloor Heating Support",heating,system-boiler-installation
underlay-installation,"Underlay Installation",flooring,floor-levelling
upvc-window-fitting,"uPVC Window Fitting",windows-doors,window-replacement
urmet-door-entry,"Urmet Door Entry",door-entry,door-entry-system
utility-room-fitting,"Utility Room Fitting",kitchens,kitchen-splashback-tiling
velux-loft-conversion,"Velux Loft Conversion",loft-conversions,dormer-loft-conversion
vesda-installation,"VESDA Installation",fire-alarms,fire-alarm-panel
vibrating-pillow-alarmer,"Vibrating Pillow Alarmer",evacuation-alerts,deaf-alerter-installation
video-door-entry,"Video Door Entry",door-entry,door-entry-system
video-door-entry-flats,"Video Door Entry Flats",door-entry,multi-tenant-door-entry
video-door-phone-installation,"Video Door Phone Installation",door-entry,video-door-entry
video-intercom,"Video Intercom",intercoms,aiphone-intercom
video-intercom-door-entry,"Video Intercom Door Entry",door-entry,video-door-entry
video-intercom-installation,"Video Intercom Installation",intercoms,video-intercom
video-intercom-system,"Video Intercom System",intercoms,video-intercom
video-surveillance-system,"Video Surveillance System",cctv,cctv-installation
videx-door-entry,"Videx Door Entry",door-entry,video-door-entry
vinyl-flooring-fitting,"Vinyl Flooring Fitting",flooring,laminate-flooring-installation
visitor-access-management,"Visitor Access Management",access-control,access-control-installation
visual-alarm-devices,"Visual Alarm Devices",evacuation-alerts,peep-alert-devices
voice-alarm-system,"Voice Alarm System",fire-alarms,fire-alarm-system
void-property-compliance,"Void Property Compliance",landlord-compliance,landlord-compliance-package
void-property-renovation,"Void Property Renovation",renovation,flat-renovation
void-property-survey,"Void Property Survey",building-surveys,dilapidations-support-survey
void-redecoration,"Void Redecoration",painting-decorating,exterior-painting
void-refurb-management,"Void Refurb Management",property-refurbishment-pm,investor-refurb-project
void-works-project-management,"Void Works Project Management",project-management,fit-out-project-support
wall-tiling,"Wall Tiling",tiling,floor-tiling
wallpapering-services,"Wallpapering Services",painting-decorating,landlord-painting-package
wander-alert-system,"Wander Alert System",nurse-call,care-home-nurse-call
warehouse-alarm-system,"Warehouse Alarm System",intruder-alarm,commercial-intruder-alarm
warehouse-cctv,"Warehouse CCTV",cctv,commercial-cctv-system
warehouse-emergency-lighting,"Warehouse Emergency Lighting",emergency-lighting,emergency-lighting-installation
warehouse-fire-risk-assessment,"Warehouse Fire Risk Assessment",fire-risk-assessments,office-fire-risk-assessment
warehouse-intercom,"Warehouse Intercom",intercoms,intercom-system
warehouse-intruder-alarm,"Warehouse Intruder Alarm",intruder-alarm,shop-alarm-installation
warehouse-office-fit-out,"Warehouse Office Fit Out",commercial-fit-out,shop-fit-out-works
warehouse-sprinkler-maintenance,"Warehouse Sprinkler Maintenance",sprinkler-systems,sprinkler-compliance-check
water-fire-extinguisher,"Water Fire Extinguisher",fire-extinguishers,foam-fire-extinguisher
water-hygiene-testing,"Water Hygiene Testing",legionella-risk-assessment,water-risk-assessment
water-risk-assessment,"Water Risk Assessment",legionella-risk-assessment,legionella-risk-assessment
water-softener-installation-support,"Water Softener Installation Support",plumbing,blocked-waste-support
weatherproof-coatings,"Weatherproof Coatings",rendering,landlord-render-repairs
wet-chemical-extinguisher,"Wet Chemical Extinguisher",fire-extinguishers,powder-fire-extinguisher
wet-chemical-kitchen-system,"Wet Chemical Kitchen System",kitchen-fire-suppression,commercial-kitchen-fire-system
wet-riser-maintenance,"Wet Riser Maintenance",dry-risers,dry-riser-annual-test
wet-riser-testing,"Wet Riser Testing",dry-risers,dry-riser-maintenance
wet-room-installation,"Wet Room Installation",bathrooms,bathroom-installation
wet-room-tiling,"Wet Room Tiling",tiling,tile-removal-and-retile
window-aov,"Window AOV",aov-air-handling,louvre-aov
window-board-fitting,"Window Board Fitting",joinery,staircase-joinery-repairs
window-cill-replacement,"Window Cill Replacement",windows-doors,bi-fold-door-support
window-replacement,"Window Replacement",windows-doors,upvc-window-fitting
windowmaster-aov,"WindowMaster AOV",aov-air-handling,aov-system
wired-intruder-alarm,"Wired Intruder Alarm",intruder-alarm,wireless-intruder-alarm
wired-intruder-alarm-system,"Wired Intruder Alarm System",intruder-alarm,intruder-alarm-installation
wired-nurse-call-system,"Wired Nurse Call System",nurse-call,wireless-nurse-call-system
wireless-access-control,"Wireless Access Control",access-control,access-control-installation
wireless-cctv,"Wireless CCTV",cctv,ip-cctv-system
wireless-cctv-installation,"Wireless CCTV Installation",cctv,cctv-installation
wireless-deaf-alerter,"Wireless Deaf Alerter",evacuation-alerts,flats-evacuation-alert-system
wireless-fire-alarm,"Wireless Fire Alarm",fire-alarms,conventional-fire-alarm
wireless-fire-alarm-system,"Wireless Fire Alarm System",fire-alarms,fire-alarm-system
wireless-intercom,"Wireless Intercom",intercoms,intercom-system
wireless-intercom-install,"Wireless Intercom Install",intercoms,master-station-intercom
wireless-intercom-installation,"Wireless Intercom Installation",intercoms,intercom-system
wireless-intruder-alarm,"Wireless Intruder Alarm",intruder-alarm,wired-intruder-alarm
wireless-nurse-call,"Wireless Nurse Call",nurse-call,hospital-nurse-call-upgrade
wireless-nurse-call-system,"Wireless Nurse Call System",nurse-call,wired-nurse-call-system
woodwork-painting,"Woodwork Painting",painting-decorating,ceiling-painting
zenitel-intercom,"Zenitel Intercom",intercoms,intercom-system
zettler-nurse-call,"Zettler Nurse Call",nurse-call,nurse-call-system
fire-door-compliance,"Fire Door Compliance",fire-doors,fire-door-inspection
epc,EPC,epc,pat-testing
access-control-after-staff-change,"Access Control After Staff Change",access-control,access-control-card-programming
access-control-fire-interface-test,"Access Control Fire Interface Test",access-control,access-control-card-programming
access-equipment-survey-support,"Access Equipment Survey Support",building-surveys,building-condition-survey
access-level-holiday-calendar,"Access Level Holiday Calendar",access-control,access-control-card-programming
accessible-shower-seat-install,"Accessible Shower Seat Install",bathrooms,bathroom-extractor-fan-install
acoustic-underlay-flat,"Acoustic Underlay Flat",flooring,bathroom-vinyl-flooring
after-hours-pat-testing,"After Hours PAT Testing",pat-testing,office-pat-testing
agent-onboarding-compliance,"Agent Onboarding Compliance",landlord-compliance,agent-compliance-support
aico-multi-sensor-install,"Aico Multi Sensor Install",smoke-co-alarms,interlinked-smoke-alarms
air-brick-replacement,"Air Brick Replacement",brickwork,blockwork-partitions
alarm-after-false-trip-visit,"Alarm After False Trip Visit",intruder-alarm,ajax-alarm-installation
alarm-app-user-setup,"Alarm App User Setup",intruder-alarm,ajax-alarm-installation
alarm-communicator-upgrade,"Alarm Communicator Upgrade",intruder-alarm,ajax-alarm-installation
alarm-keyfob-programming,"Alarm Keyfob Programming",intruder-alarm,ajax-alarm-installation
anpr-car-park-camera,"ANPR Car Park Camera",cctv,4k-cctv-system
aov-after-power-failure-reset,"AOV After Power Failure Reset",aov-air-handling,ahu-commissioning
aov-battery-health-visit,"AOV Battery Health Visit",aov-air-handling,ahu-commissioning
aov-cause-and-effect-test,"AOV Cause and Effect Test",aov-air-handling,ahu-commissioning
aov-key-switch-replace,"AOV Key Switch Replace",aov-air-handling,ahu-commissioning
aov-weather-sensor-replace,"AOV Weather Sensor Replace",aov-air-handling,ahu-commissioning
architrave-replacement,"Architrave Replacement",joinery,architrave-installation
archive-store-suppression-advice,"Archive Store Suppression Advice",fire-suppression,archive-room-suppression
artex-overlay-to-smooth,"Artex Overlay to Smooth",plastering,artex-cover-up-plastering
artex-sample-advice,"Artex Sample Advice",asbestos-survey,asbestos-inspection
asbestos-before-rewire-advice,"Asbestos Before Rewire Advice",asbestos-survey,asbestos-inspection
asbestos-management-plan-review,"Asbestos Management Plan Review",asbestos-survey,asbestos-inspection
asbestos-reinspection,"Asbestos Reinspection",asbestos-survey,asbestos-inspection
ashlar-render-detail,"Ashlar Render Detail",rendering,external-rendering
aspirating-pipe-integrity-check,"Aspirating Pipe Integrity Check",fire-alarms,addressable-fire-alarm
back-box-and-chase-pack,"Back Box and Chase Pack",electrics-first-fix,back-box-installation
balcony-tile-repair-support,"Balcony Tile Repair Support",tiling,bathroom-tiling
banister-repair,"Banister Repair",joinery,architrave-installation
bath-replacement,"Bath Replacement",bathrooms,bathroom-extractor-fan-install
bathroom-after-leak-reinstatement,"Bathroom After Leak Reinstatement",bathrooms,bathroom-extractor-fan-install
bathroom-extract-upgrade,"Bathroom Extract Upgrade",bathrooms,bathroom-extractor-fan-install
bathroom-first-fix-electrics,"Bathroom First Fix Electrics",electrics-first-fix,back-box-installation
bathroom-floor-decoupling-mat,"Bathroom Floor Decoupling Mat",bathrooms,bathroom-extractor-fan-install
bathroom-heated-towel-rail,"Bathroom Heated Towel Rail",bathrooms,bathroom-extractor-fan-install
bathroom-moisture-paint,"Bathroom Moisture Paint",painting-decorating,ceiling-painting
bathroom-pod-fire-stopping,"Bathroom Pod Fire Stopping",fire-stopping,cable-fire-stopping
bathroom-sealant-refresh-pack,"Bathroom Sealant Refresh Pack",bathrooms,bathroom-extractor-fan-install
bathroom-vanity-unit-fitting,"Bathroom Vanity Unit Fitting",bathrooms,bathroom-extractor-fan-install
bathroom-wall-panelling,"Bathroom Wall Panelling",bathrooms,bathroom-extractor-fan-install
bathroom-waste-replacement,"Bathroom Waste Replacement",plumbing,bathroom-plumbing
beam-detector-alignment,"Beam Detector Alignment",fire-alarms,addressable-fire-alarm
bedhead-unit-replacement,"Bedhead Unit Replacement",nurse-call,ackermann-nurse-call
bedroom-smoke-alarm-upgrade,"Bedroom Smoke Alarm Upgrade",smoke-co-alarms,interlinked-smoke-alarms
bell-system-panel-service,"Bell System Panel Service",door-entry,aiphone-door-entry
bellcast-bead-replace,"Bellcast Bead Replace",rendering,external-rendering
below-dpc-brick-replace,"Below DPC Brick Replace",brickwork,blockwork-partitions
bilingual-fire-signage-advice,"Bilingual Fire Signage Advice",fire-signage,assembly-point-signs
bin-store-repair,"Bin Store Repair",building-maintenance,block-maintenance-services
bin-store-timber,"Bin Store Timber",landscaping,block-paving-installation
board-and-skim-ready-pack,"Board and Skim Ready Pack",dry-lining,acoustic-dry-lining
board-paper-compliance-summary,"Board Paper Compliance Summary",compliance-consultancy,building-compliance-action-plan
boiler-condensate-pump,"Boiler Condensate Pump",heating,boiler-repair-support
boundary-fence-after-storm,"Boundary Fence After Storm",landscaping,block-paving-installation
brick-arch-repair,"Brick Arch Repair",brickwork,blockwork-partitions
broken-fob-emergency-visit,"Broken Fob Emergency Visit",access-control,access-control-card-programming
bs-8629-panel-maintenance,"BS 8629 Panel Maintenance",evacuation-alerts,bs-8629-evacuation-alert
building-control-loft-inspection-support,"Building Control Loft Inspection Support",loft-conversions,building-control-loft-support
bulkhead-diffuser-replace,"Bulkhead Diffuser Replace",emergency-lighting,automatic-emergency-lighting-test
buy-to-let-refresh,"Buy to Let Refresh",renovation,commercial-unit-renovation
call-logger-download-support,"Call Logger Download Support",nurse-call,ackermann-nurse-call
call-point-cover-supply,"Call Point Cover Supply",fire-alarms,addressable-fire-alarm
calorifier-temperature-check,"Calorifier Temperature Check",legionella-risk-assessment,commercial-legionella-risk-assessment
canopy-filter-cleaning-liaison,"Canopy Filter Cleaning Liaison",kitchen-fire-suppression,ansul-style-kitchen-system-service
car-park-fire-risk-advice,"Car Park Fire Risk Advice",fire-risk-assessments,annual-fire-risk-assessment
care-home-extinguisher-service,"Care Home Extinguisher Service",fire-extinguishers,bs-5306-extinguisher-service
care-home-pat-testing,"Care Home PAT Testing",pat-testing,office-pat-testing
care-home-water-hygiene-support,"Care Home Water Hygiene Support",legionella-risk-assessment,commercial-legionella-risk-assessment
carpentry-after-leak,"Carpentry After Leak",carpentry,carpentry-services
cast-in-fire-collar-works,"Cast in Fire Collar Works",fire-stopping,cable-fire-stopping
cat-b-power-and-data-ready,"Cat B Power and Data Ready",commercial-fit-out,cat-a-fit-out-support
cavity-tray-repair-support,"Cavity Tray Repair Support",brickwork,blockwork-partitions
cctv-after-network-change,"CCTV After Network Change",cctv,4k-cctv-system
cctv-export-for-incident,"CCTV Export for Incident",cctv,4k-cctv-system
cctv-ir-illuminator,"CCTV IR Illuminator",cctv,4k-cctv-system
cctv-privacy-masking,"CCTV Privacy Masking",cctv,4k-cctv-system
cctv-remote-user-training,"CCTV Remote User Training",cctv,4k-cctv-system
cctv-switch-and-poe-check,"CCTV Switch and PoE Check",cctv,4k-cctv-system
cdm-for-landlord-refurb,"CDM For Landlord Refurb",cdm-support,cdm-2015-compliance-support
ceiling-artex-paint,"Ceiling Artex Paint",painting-decorating,ceiling-painting
ceiling-crack-repair,"Ceiling Crack Repair",plastering,artex-cover-up-plastering
ceiling-mf-grid-boarding,"Ceiling MF Grid Boarding",dry-lining,acoustic-dry-lining
ceiling-tile-replace,"Ceiling Tile Replace",building-maintenance,block-maintenance-services
central-battery-discharge-test-support,"Central Battery Discharge Test Support",emergency-lighting,automatic-emergency-lighting-test
change-of-tenancy-pack,"Change of Tenancy Pack",landlord-compliance,agent-compliance-support
charcoal-filter-kitchen-risk-advice,"Charcoal Filter Kitchen Risk Advice",kitchen-fire-suppression,ansul-style-kitchen-system-service
chimney-breast-damp-advice,"Chimney Breast Damp Advice",damp-proofing,basement-tanking-support
chimney-lead-dressing,"Chimney Lead Dressing",roofing,chimney-repairs
chimney-stack-repoint,"Chimney Stack Repoint",brickwork,blockwork-partitions
clean-agent-refill-support,"Clean Agent Refill Support",fire-suppression,archive-room-suppression
cloakroom-wc-fit-out,"Cloakroom WC Fit Out",bathrooms,bathroom-extractor-fan-install
closeboard-fence-run,"Closeboard Fence Run",landscaping,block-paving-installation
co-alarm-for-boiler-cupboard,"CO Alarm for Boiler Cupboard",smoke-co-alarms,interlinked-smoke-alarms
cold-bridge-reveal-insulation,"Cold Bridge Reveal Insulation",insulation,cold-bridging-insulation-works
cold-radiator-balancing,"Cold Radiator Balancing",heating,boiler-repair-support
cold-water-storage-lid,"Cold Water Storage Lid",plumbing,bathroom-plumbing
combi-pressure-fault-visit,"Combi Pressure Fault Visit",heating,boiler-repair-support
commercial-epc,"Commercial EPC",epc,epc
commercial-safety-floor,"Commercial Safety Floor",flooring,bathroom-vinyl-flooring
commercial-washroom-tiling,"Commercial Washroom Tiling",tiling,bathroom-tiling
comms-cabinet-location-works,"Comms Cabinet Location Works",commercial-fit-out,cat-a-fit-out-support
communal-cold-water-tank-advice,"Communal Cold Water Tank Advice",legionella-risk-assessment,commercial-legionella-risk-assessment
communal-fire-door-survey,"Communal Fire Door Survey",fire-doors,apartment-fire-door
communal-hall-redecoration,"Communal Hall Redecoration",painting-decorating,ceiling-painting
communal-light-repair,"Communal Light Repair",building-maintenance,block-maintenance-services
communal-riser-asbestos-check,"Communal Riser Asbestos Check",asbestos-survey,asbestos-inspection
compact-kitchen-for-studio,"Compact Kitchen for Studio",kitchens,apartment-kitchen-fitting
compartment-wall-making-good,"Compartment Wall Making Good",fire-compartmentation,block-compartmentation-upgrade
competent-person-advice-call,"Competent Person Advice Call",compliance-consultancy,building-compliance-action-plan
compliance-pack-for-new-build-let,"Compliance Pack for New Build Let",landlord-compliance,agent-compliance-support
composite-door-threshold,"Composite Door Threshold",windows-doors,bi-fold-door-support
concrete-path-slab,"Concrete Path Slab",groundworks,drainage-installation
condensate-pipe-re-run,"Condensate Pipe Re-run",plumbing,bathroom-plumbing
condensation-mould-wash,"Condensation Mould Wash",damp-proofing,basement-tanking-support
construction-phase-plan-small-site,"Construction Phase Plan Small Site",cdm-support,cdm-2015-compliance-support
construction-site-pat-testing,"Construction Site PAT Testing",pat-testing,office-pat-testing
consumer-unit-temporary-supply,"Consumer Unit Temporary Supply",electrics-first-fix,back-box-installation
controller-battery-replace,"Controller Battery Replace",access-control,access-control-card-programming
cornice-repair,"Cornice Repair",plastering,artex-cover-up-plastering
corridor-damper-service-liaison,"Corridor Damper Service Liaison",aov-air-handling,ahu-commissioning
cupboard-conversion-joinery,"Cupboard Conversion Joinery",joinery,architrave-installation
curved-wall-boarding-support,"Curved Wall Boarding Support",dry-lining,acoustic-dry-lining
cylinder-drain-down-support,"Cylinder Drain Down Support",plumbing,bathroom-plumbing
damp-after-leak-dry-down,"Damp After Leak Dry Down",damp-proofing,basement-tanking-support
damp-and-condensation-survey,"Damp and Condensation Survey",building-surveys,building-condition-survey
data-and-power-first-fix,"Data and Power First Fix",electrics-first-fix,back-box-installation
deaf-alerter-pager-system,"Deaf Alerter Pager System",evacuation-alerts,bs-8629-evacuation-alert
decking-joist-repair,"Decking Joist Repair",landscaping,block-paving-installation
demolition-asbestos-survey-liaison,"Demolition Asbestos Survey Liaison",asbestos-survey,asbestos-inspection
disabled-wc-alarm-reset,"Disabled WC Alarm Reset",nurse-call,ackermann-nurse-call
dishwasher-connection,"Dishwasher Connection",plumbing,bathroom-plumbing
domestic-epc,"Domestic EPC",epc,epc
door-closer-communal,"Door Closer Communal",building-maintenance,block-maintenance-services
door-closer-power-adjust,"Door Closer Power Adjust",windows-doors,bi-fold-door-support
door-entry-after-water-ingress,"Door Entry After Water Ingress",door-entry,aiphone-door-entry
door-entry-backup-battery,"Door Entry Backup Battery",door-entry,aiphone-door-entry
door-entry-camera-module,"Door Entry Camera Module",door-entry,aiphone-door-entry
door-entry-fire-override-check,"Door Entry Fire Override Check",door-entry,aiphone-door-entry
door-lining-replacement,"Door Lining Replacement",joinery,architrave-installation
door-stop-and-ironmongery,"Door Stop and Ironmongery",carpentry,carpentry-services
dot-and-dab-after-damp,"Dot and Dab After Damp",dry-lining,acoustic-dry-lining
downpipe-replacement,"Downpipe Replacement",roofing,chimney-repairs
dpc-injection-to-solid-wall,"DPC Injection to Solid Wall",damp-proofing,basement-tanking-support
dry-lining-after-first-fix,"Dry Lining After First Fix",dry-lining,acoustic-dry-lining
dry-lining-around-steel,"Dry Lining Around Steel",dry-lining,acoustic-dry-lining
dry-riser-breeching-inlet-repair,"Dry Riser Breeching Inlet Repair",dry-risers,dry-riser-annual-test
dry-riser-cabinet-replacement,"Dry Riser Cabinet Replacement",dry-risers,dry-riser-annual-test
dry-riser-drain-point-service,"Dry Riser Drain Point Service",dry-risers,dry-riser-annual-test
dry-riser-signage-package,"Dry Riser Signage Package",dry-risers,dry-riser-annual-test
eaves-ventilation-with-insulation,"Eaves Ventilation With Insulation",insulation,cold-bridging-insulation-works
emergency-lighting-after-fit-out,"Emergency Lighting After Fit Out",emergency-lighting,automatic-emergency-lighting-test
emergency-lighting-cause-of-fail,"Emergency Lighting Cause of Fail",emergency-lighting,automatic-emergency-lighting-test
emergency-lighting-flicker-fault,"Emergency Lighting Flicker Fault",emergency-lighting,automatic-emergency-lighting-test
emergency-lighting-logbook-setup,"Emergency Lighting Logbook Setup",emergency-lighting,automatic-emergency-lighting-test
empty-property-bring-back,"Empty Property Bring Back",renovation,commercial-unit-renovation
entrance-matwell-repair,"Entrance Matwell Repair",building-maintenance,block-maintenance-services
epc-expiry-reminder-pack,"EPC Expiry Reminder Pack",epc,epc
epc-for-let,"EPC for Let",epc,epc
epc-for-sale,"EPC for Sale",epc,epc
epc-improvement-works-support,"EPC Improvement Works Support",epc,epc
epc-renewal,"EPC Renewal",epc,epc
estate-noticeboard-fix,"Estate Noticeboard Fix",building-maintenance,block-maintenance-services
estate-weekly-fire-test-support,"Estate Weekly Fire Test Support",facilities-management,building-services-ppm
evacuation-alert-battery-change,"Evacuation Alert Battery Change",evacuation-alerts,bs-8629-evacuation-alert
evacuation-alert-interface-test,"Evacuation Alert Interface Test",evacuation-alerts,bs-8629-evacuation-alert
exit-box-legend-swap,"Exit Box Legend Swap",emergency-lighting,automatic-emergency-lighting-test
extension-bi-fold-opening,"Extension Bi-fold Opening",extensions,extension-envelope-works
extension-drainage-tie-in,"Extension Drainage Tie In",extensions,extension-envelope-works
extension-first-fix-wiring,"Extension First Fix Wiring",electrics-first-fix,back-box-installation
extension-footing-dig,"Extension Footing Dig",groundworks,drainage-installation
extension-insulation-wrap,"Extension Insulation Wrap",extensions,extension-envelope-works
extension-lead-pat-testing,"Extension Lead PAT Testing",pat-testing,office-pat-testing
extension-making-good-to-house,"Extension Making Good to House",extensions,extension-envelope-works
extension-party-wall-awareness,"Extension Party Wall Awareness",extensions,extension-envelope-works
extension-plaster-ready-stage,"Extension Plaster Ready Stage",extensions,extension-envelope-works
extension-window-install-stage,"Extension Window Install Stage",extensions,extension-envelope-works
exterior-masonry-paint,"Exterior Masonry Paint",painting-decorating,ceiling-painting
external-door-weather-seal,"External Door Weather Seal",windows-doors,bi-fold-door-support
external-ground-level-damp,"External Ground Level Damp",damp-proofing,basement-tanking-support
external-siren-replace,"External Siren Replace",intruder-alarm,ajax-alarm-installation
external-wall-fire-risk-liaison,"External Wall Fire Risk Liaison",fire-risk-assessments,annual-fire-risk-assessment
extinguisher-disposal-and-replace,"Extinguisher Disposal and Replace",fire-extinguishers,bs-5306-extinguisher-service
extinguisher-id-pictograms,"Extinguisher ID Pictograms",fire-signage,assembly-point-signs
extinguisher-id-sign-package,"Extinguisher ID Sign Package",fire-extinguishers,bs-5306-extinguisher-service
extinguisher-monthly-visual-check-support,"Extinguisher Monthly Visual Check Support",fire-extinguishers,bs-5306-extinguisher-service
f10-notification-support,"F10 Notification Support",cdm-support,cdm-2015-compliance-support
factory-tannoy-intercom,"Factory Tannoy Intercom",intercoms,aiphone-intercom
fail-secure-lock-assessment,"Fail Secure Lock Assessment",access-control,access-control-card-programming
failed-double-glazed-unit,"Failed Double Glazed Unit",windows-doors,bi-fold-door-support
failed-pat-remedial,"Failed PAT Remedial",pat-testing,office-pat-testing
feature-wall-decorating,"Feature Wall Decorating",painting-decorating,ceiling-painting
fence-post-concrete,"Fence Post Concrete",groundworks,drainage-installation
fire-action-plan-prioritisation,"Fire Action Plan Prioritisation",compliance-consultancy,building-compliance-action-plan
fire-alarm-after-decor-dust,"Fire Alarm After Decor Dust",fire-alarms,addressable-fire-alarm
fire-alarm-cause-and-effect-recheck,"Fire Alarm Cause and Effect Recheck",fire-alarms,addressable-fire-alarm
fire-alarm-containment-first-fix,"Fire Alarm Containment First Fix",electrics-first-fix,back-box-installation
fire-alarm-isolation-procedure-training,"Fire Alarm Isolation Procedure Training",fire-alarms,addressable-fire-alarm
fire-alarm-network-health,"Fire Alarm Network Health",fire-alarms,addressable-fire-alarm
fire-alarm-zone-chart-update,"Fire Alarm Zone Chart Update",fire-alarms,addressable-fire-alarm
fire-bucket-and-point-setup,"Fire Bucket and Point Setup",fire-extinguishers,bs-5306-extinguisher-service
fire-damage-reinstatement-survey,"Fire Damage Reinstatement Survey",building-surveys,building-condition-survey
fire-damaged-room-reinstatement,"Fire Damaged Room Reinstatement",renovation,commercial-unit-renovation
fire-damaged-smoke-stain-decor,"Fire Damaged Smoke Stain Decor",painting-decorating,ceiling-painting
fire-damper-survey-liaison,"Fire Damper Survey Liaison",fire-compartmentation,block-compartmentation-upgrade
fire-door-certification-pack,"Fire Door Certification Pack",fire-doors,apartment-fire-door
fire-door-closer-adjustment,"Fire Door Closer Adjustment",fire-doors,apartment-fire-door
fire-door-drop-seal-replacement,"Fire Door Drop Seal Replacement",fire-doors,apartment-fire-door
fire-door-frame-rehang,"Fire Door Frame Rehang",fire-doors,apartment-fire-door
fire-door-glazing-bead,"Fire Door Glazing Bead",windows-doors,bi-fold-door-support
fire-door-hinge-replacement,"Fire Door Hinge Replacement",fire-doors,apartment-fire-door
fire-door-keep-locked-signs,"Fire Door Keep Locked Signs",fire-signage,assembly-point-signs
fire-door-keep-shut-signage-pack,"Fire Door Keep Shut Signage Pack",fire-doors,apartment-fire-door
fire-door-leaf-replacement,"Fire Door Leaf Replacement",fire-doors,apartment-fire-door
fire-door-smoke-seal-replacement,"Fire Door Smoke Seal Replacement",fire-doors,apartment-fire-door
fire-door-threshold-seal,"Fire Door Threshold Seal",fire-doors,apartment-fire-door
fire-door-vision-panel-upgrade,"Fire Door Vision Panel Upgrade",fire-doors,apartment-fire-door
fire-exit-keep-clear-signs,"Fire Exit Keep Clear Signs",fire-signage,assembly-point-signs
fire-extinguisher-commissioning,"Fire Extinguisher Commissioning",fire-extinguishers,bs-5306-extinguisher-service
fire-remedial-programme-manager,"Fire Remedial Programme Manager",project-management,compliance-project-coordination
fire-risk-assessment-after-alteration,"Fire Risk Assessment After Alteration",fire-risk-assessments,annual-fire-risk-assessment
fire-safety-law-poster-pack,"Fire Safety Law Poster Pack",fire-signage,assembly-point-signs
fire-service-access-box-repair,"Fire Service Access Box Repair",dry-risers,dry-riser-annual-test
fire-shaft-boarding,"Fire Shaft Boarding",dry-lining,acoustic-dry-lining
fire-stopping-for-cable-trays,"Fire Stopping for Cable Trays",fire-stopping,cable-fire-stopping
fire-stopping-for-plastic-pipes,"Fire Stopping for Plastic Pipes",fire-stopping,cable-fire-stopping
fire-stopping-photographic-schedule,"Fire Stopping Photographic Schedule",fire-stopping,cable-fire-stopping
fire-stopping-reinstatement-after-fit-out,"Fire Stopping Reinstatement After Fit Out",fire-stopping,cable-fire-stopping
fire-stopping-third-party-inspection-support,"Fire Stopping Third Party Inspection Support",fire-stopping,cable-fire-stopping
first-fix-after-strip-out,"First Fix After Strip Out",electrics-first-fix,back-box-installation
fit-out-coordination-visit,"Fit Out Coordination Visit",project-management,compliance-project-coordination
fit-out-fire-stopping-close,"Fit Out Fire Stopping Close",commercial-fit-out,cat-a-fit-out-support
flat-epc,"Flat EPC",epc,epc
flat-roof-blister-repair,"Flat Roof Blister Repair",roofing,chimney-repairs
flat-roof-edge-carpentry,"Flat Roof Edge Carpentry",carpentry,carpentry-services
flats-evacuation-alert-service,"Flats Evacuation Alert Service",evacuation-alerts,bs-8629-evacuation-alert
flood-reinstatement-support,"Flood Reinstatement Support",renovation,commercial-unit-renovation
floor-level-stair-signs,"Floor Level Stair Signs",fire-signage,assembly-point-signs
floor-transition-strips,"Floor Transition Strips",flooring,bathroom-vinyl-flooring
floorboard-replacement,"Floorboard Replacement",carpentry,carpentry-services
floorboard-sanding-liaison,"Floorboard Sanding Liaison",flooring,bathroom-vinyl-flooring
fm-after-hours-access-visit,"FM After Hours Access Visit",facilities-management,building-services-ppm
fm-contractor-rams-pack,"FM Contractor RAMS Pack",facilities-management,building-services-ppm
fm-snag-after-contractor,"FM Snag After Contractor",facilities-management,building-services-ppm
foul-drain-repair-support,"Foul Drain Repair Support",groundworks,drainage-installation
frozen-pipe-thaw-support,"Frozen Pipe Thaw Support",plumbing,bathroom-plumbing
fryer-line-suppression-survey,"Fryer Line Suppression Survey",kitchen-fire-suppression,ansul-style-kitchen-system-service
gable-render-refresh,"Gable Render Refresh",rendering,external-rendering
galley-kitchen-refit,"Galley Kitchen Refit",kitchens,apartment-kitchen-fitting
garage-asbestos-advice,"Garage Asbestos Advice",asbestos-survey,asbestos-inspection
garden-step-repair,"Garden Step Repair",landscaping,block-paving-installation
garden-wall-rebuild,"Garden Wall Rebuild",brickwork,blockwork-partitions
gas-suppression-room-integrity-test,"Gas Suppression Room Integrity Test",fire-suppression,archive-room-suppression
gate-access-control-liaison,"Gate Access Control Liaison",access-control,access-control-card-programming
gdpr-camera-siting-review,"GDPR Camera Siting Review",cctv,4k-cctv-system
grade-d-smoke-alarms,"Grade D Smoke Alarms",smoke-co-alarms,interlinked-smoke-alarms
grade-shift-survey,"Grade Shift Survey",intruder-alarm,ajax-alarm-installation
gravel-board-replace,"Gravel Board Replace",landscaping,block-paving-installation
gsm-sim-door-entry,"GSM SIM Door Entry",door-entry,aiphone-door-entry
guarantor-let-compliance-bundle,"Guarantor Let Compliance Bundle",landlord-compliance,agent-compliance-support
gutter-clear-and-reseal,"Gutter Clear and Reseal",roofing,chimney-repairs
gutter-clear-block,"Gutter Clear Block",building-maintenance,block-maintenance-services
hallway-laminate-refresh,"Hallway Laminate Refresh",flooring,bathroom-vinyl-flooring
handover-o-and-m-file,"Handover O and M File",cdm-support,cdm-2015-compliance-support
handover-pack-assembly,"Handover Pack Assembly",project-management,compliance-project-coordination
hardstanding-for-bins,"Hardstanding for Bins",groundworks,drainage-installation
heat-alarm-installation,"Heat Alarm Installation",smoke-co-alarms,interlinked-smoke-alarms
heating-after-powerflush-check,"Heating After Powerflush Check",heating,boiler-repair-support
heating-bypass-valve,"Heating Bypass Valve",heating,boiler-repair-support
heating-zone-valve-replace,"Heating Zone Valve Replace",heating,boiler-repair-support
helpdesk-attendance-report,"Helpdesk Attendance Report",facilities-management,building-services-ppm
hexagon-tile-feature-wall,"Hexagon Tile Feature Wall",tiling,bathroom-tiling
hidden-sprinkler-head-replacement,"Hidden Sprinkler Head Replacement",sprinkler-systems,commercial-sprinkler-service
hidden-void-camera-survey,"Hidden Void Camera Survey",fire-compartmentation,block-compartmentation-upgrade
high-level-twin-spot-access-visit,"High Level Twin Spot Access Visit",emergency-lighting,automatic-emergency-lighting-test
high-rise-riser-logbook,"High Rise Riser Logbook",dry-risers,dry-riser-annual-test
high-rise-smoke-control-log,"High Rise Smoke Control Log",aov-air-handling,ahu-commissioning
hmo-asbestos-awareness-pack,"HMO Asbestos Awareness Pack",asbestos-survey,asbestos-inspection
hmo-epc,"HMO EPC",epc,epc
hmo-fire-door-inspection,"HMO Fire Door Inspection",fire-doors,apartment-fire-door
hmo-fire-extinguisher-pack,"HMO Fire Extinguisher Pack",fire-extinguishers,bs-5306-extinguisher-service
hmo-kitchenette-install,"HMO Kitchenette Install",kitchens,apartment-kitchen-fitting
hmo-pat-testing,"HMO PAT Testing",pat-testing,office-pat-testing
hmo-room-by-room-upgrade-plan,"HMO Room by Room Upgrade Plan",property-refurbishment-pm,full-house-refurb-package
hmo-shower-room-refit,"HMO Shower Room Refit",bathrooms,bathroom-extractor-fan-install
hmo-smoke-alarm-package,"HMO Smoke Alarm Package",smoke-co-alarms,interlinked-smoke-alarms
hmo-water-hygiene-visit,"HMO Water Hygiene Visit",legionella-risk-assessment,commercial-legionella-risk-assessment
holiday-let-fire-risk-assessment,"Holiday Let Fire Risk Assessment",fire-risk-assessments,annual-fire-risk-assessment
house-epc,"House EPC",epc,epc
htm-documentation-update-visit,"HTM Documentation Update Visit",nurse-call,ackermann-nurse-call
immersion-heater-replace,"Immersion Heater Replace",plumbing,bathroom-plumbing
inclusive-alarm-coverage-survey,"Inclusive Alarm Coverage Survey",evacuation-alerts,bs-8629-evacuation-alert
induction-pack-for-trades,"Induction Pack for Trades",cdm-support,cdm-2015-compliance-support
industrial-unit-fire-risk-assessment,"Industrial Unit Fire Risk Assessment",fire-risk-assessments,annual-fire-risk-assessment
inspection-chamber-install,"Inspection Chamber Install",groundworks,drainage-installation
insulation-after-loft-boarding,"Insulation After Loft Boarding",insulation,cold-bridging-insulation-works
insulation-for-epc-band-lift-support,"Insulation for EPC Band Lift Support",insulation,cold-bridging-insulation-works
insulation-lined-partition,"Insulation Lined Partition",dry-lining,acoustic-dry-lining
insulation-render-system-advice,"Insulation Render System Advice",rendering,external-rendering
insurance-reinstatement-coordination,"Insurance Reinstatement Coordination",property-refurbishment-pm,full-house-refurb-package
insurer-evidence-review,"Insurer Evidence Review",compliance-consultancy,building-compliance-action-plan
insurer-sprinkler-evidence-pack,"Insurer Sprinkler Evidence Pack",sprinkler-systems,commercial-sprinkler-service
intercom-after-lightning-fault,"Intercom After Lightning Fault",intercoms,aiphone-intercom
intercom-cabling-test,"Intercom Cabling Test",intercoms,aiphone-intercom
intercom-door-release-fault,"Intercom Door Release Fault",intercoms,aiphone-intercom
intercom-power-supply-replace,"Intercom Power Supply Replace",intercoms,aiphone-intercom
intercom-privacy-handset,"Intercom Privacy Handset",intercoms,aiphone-intercom
interface-unit-test-visit,"Interface Unit Test Visit",fire-alarms,addressable-fire-alarm
interlinked-smoke-alarms,"Interlinked Smoke Alarms",smoke-co-alarms,landlord-smoke-and-co-alarms
internal-wall-insulated-lining,"Internal Wall Insulated Lining",insulation,cold-bridging-insulation-works
intumescent-pipe-wrap-install,"Intumescent Pipe Wrap Install",fire-stopping,cable-fire-stopping
investor-light-refurb,"Investor Light Refurb",renovation,commercial-unit-renovation
investor-two-week-void-plan,"Investor Two Week Void Plan",property-refurbishment-pm,full-house-refurb-package
ip-intercom-upgrade-survey,"IP Intercom Upgrade Survey",intercoms,aiphone-intercom
ironmongery-batch-replace,"Ironmongery Batch Replace",building-maintenance,block-maintenance-services
k-render-repair,"K Render Repair",rendering,external-rendering
kitchen-after-void-strip-out,"Kitchen After Void Strip Out",kitchens,apartment-kitchen-fitting
kitchen-appliance-housing,"Kitchen Appliance Housing",kitchens,apartment-kitchen-fitting
kitchen-appliance-pat-testing,"Kitchen Appliance PAT Testing",pat-testing,office-pat-testing
kitchen-bulkhead-joinery,"Kitchen Bulkhead Joinery",joinery,architrave-installation
kitchen-carcass-install,"Kitchen Carcass Install",kitchens,apartment-kitchen-fitting
kitchen-click-floor,"Kitchen Click Floor",flooring,bathroom-vinyl-flooring
kitchen-end-panel-fitting,"Kitchen End Panel Fitting",kitchens,apartment-kitchen-fitting
kitchen-extension-knock-through-support,"Kitchen Extension Knock Through Support",extensions,extension-envelope-works
kitchen-extractor-install-support,"Kitchen Extractor Install Support",kitchens,apartment-kitchen-fitting
kitchen-first-fix-electrics,"Kitchen First Fix Electrics",electrics-first-fix,back-box-installation
kitchen-first-then-decor-sequence,"Kitchen First Then Decor Sequence",renovation,commercial-unit-renovation
kitchen-gas-interlock-check,"Kitchen Gas Interlock Check",kitchen-fire-suppression,ansul-style-kitchen-system-service
kitchen-heat-alarm-fitting,"Kitchen Heat Alarm Fitting",smoke-co-alarms,interlinked-smoke-alarms
kitchen-lighting-first-fix-liaison,"Kitchen Lighting First Fix Liaison",kitchens,apartment-kitchen-fitting
kitchen-local-suppression-top-up,"Kitchen Local Suppression Top Up",fire-suppression,archive-room-suppression
kitchen-making-good-after-leak,"Kitchen Making Good After Leak",kitchens,apartment-kitchen-fitting
kitchen-manual-pull-station-test,"Kitchen Manual Pull Station Test",kitchen-fire-suppression,ansul-style-kitchen-system-service
kitchen-mixer-replace,"Kitchen Mixer Replace",plumbing,bathroom-plumbing
kitchen-plinth-and-cornice,"Kitchen Plinth and Cornice",kitchens,apartment-kitchen-fitting
kitchen-recoat,"Kitchen Recoat",painting-decorating,ceiling-painting
kitchen-sink-and-tap-pack,"Kitchen Sink and Tap Pack",kitchens,apartment-kitchen-fitting
kitchen-soft-close-hinge-upgrade,"Kitchen Soft Close Hinge Upgrade",kitchens,apartment-kitchen-fitting
kitchen-suppression-fusible-link-service,"Kitchen Suppression Fusible Link Service",kitchen-fire-suppression,ansul-style-kitchen-system-service
kitchen-suppression-recharge,"Kitchen Suppression Recharge",kitchen-fire-suppression,ansul-style-kitchen-system-service
kitchen-then-bathroom-sequence,"Kitchen Then Bathroom Sequence",property-refurbishment-pm,full-house-refurb-package
kitchen-waste-trap,"Kitchen Waste Trap",plumbing,bathroom-plumbing
kitchen-worktop-templating,"Kitchen Worktop Templating",kitchens,apartment-kitchen-fitting
landing-valve-locking-cap-replace,"Landing Valve Locking Cap Replace",dry-risers,dry-riser-annual-test
landlord-asbestos-register-update,"Landlord Asbestos Register Update",asbestos-survey,asbestos-inspection
landlord-block-intercom-repair,"Landlord Block Intercom Repair",intercoms,aiphone-intercom
landlord-boiler-swap-support,"Landlord Boiler Swap Support",heating,boiler-repair-support
landlord-capex-programme,"Landlord Capex Programme",project-management,compliance-project-coordination
landlord-common-part-cctv,"Landlord Common Part CCTV",cctv,4k-cctv-system
landlord-compartment-action-plan,"Landlord Compartment Action Plan",fire-compartmentation,block-compartmentation-upgrade
landlord-door-repair-joinery,"Landlord Door Repair Joinery",joinery,architrave-installation
landlord-emergency-works-pack,"Landlord Emergency Works Pack",landlord-compliance,agent-compliance-support
landlord-epc,"Landlord EPC",epc,epc
landlord-fire-alarm-log-review,"Landlord Fire Alarm Log Review",fire-alarms,addressable-fire-alarm
landlord-fire-door-remedial,"Landlord Fire Door Remedial",fire-doors,apartment-fire-door
landlord-floor-replace-after-tenant,"Landlord Floor Replace After Tenant",flooring,bathroom-vinyl-flooring
landlord-garden-clear,"Landlord Garden Clear",landscaping,block-paving-installation
landlord-handset-swap-programme,"Landlord Handset Swap Programme",door-entry,aiphone-door-entry
landlord-inventory-plus-condition,"Landlord Inventory Plus Condition",building-surveys,building-condition-survey
landlord-legionella-review,"Landlord Legionella Review",legionella-risk-assessment,commercial-legionella-risk-assessment
landlord-lock-change-support,"Landlord Lock Change Support",windows-doors,bi-fold-door-support
landlord-loft-top-up,"Landlord Loft Top Up",insulation,cold-bridging-insulation-works
landlord-mid-term-check,"Landlord Mid Term Check",landlord-compliance,agent-compliance-support
landlord-monthly-test-training,"Landlord Monthly Test Training",emergency-lighting,automatic-emergency-lighting-test
landlord-mould-action-visit,"Landlord Mould Action Visit",damp-proofing,basement-tanking-support
landlord-partition-board,"Landlord Partition Board",dry-lining,acoustic-dry-lining
landlord-passive-fire-pack,"Landlord Passive Fire Pack",fire-stopping,cable-fire-stopping
landlord-pat-testing-pack,"Landlord PAT Testing Pack",pat-testing,office-pat-testing
landlord-path-rebuild,"Landlord Path Rebuild",groundworks,drainage-installation
landlord-plumbing-call-out,"Landlord Plumbing Call Out",plumbing,bathroom-plumbing
landlord-pointing-pack,"Landlord Pointing Pack",brickwork,blockwork-partitions
landlord-reactive-visit,"Landlord Reactive Visit",building-maintenance,block-maintenance-services
landlord-render-patch,"Landlord Render Patch",rendering,external-rendering
landlord-retile-after-damage,"Landlord Retile After Damage",tiling,bathroom-tiling
landlord-roof-leak-trace,"Landlord Roof Leak Trace",roofing,chimney-repairs
landlord-smoke-and-co-alarms,"Landlord Smoke and CO Alarms",smoke-co-alarms,interlinked-smoke-alarms
landlord-void-alarm-set,"Landlord Void Alarm Set",intruder-alarm,ajax-alarm-installation
landlord-void-first-fix-check,"Landlord Void First Fix Check",electrics-first-fix,back-box-installation
lead-flashing-renewal,"Lead Flashing Renewal",roofing,chimney-repairs
leak-origin-visual-survey,"Leak Origin Visual Survey",building-surveys,building-condition-survey
legionella-after-long-void,"Legionella After Long Void",legionella-risk-assessment,commercial-legionella-risk-assessment
letterbox-intumescent-upgrade,"Letterbox Intumescent Upgrade",windows-doors,bi-fold-door-support
level-threshold-ramp-base,"Level Threshold Ramp Base",groundworks,drainage-installation
licence-application-evidence-pack,"Licence Application Evidence Pack",landlord-compliance,agent-compliance-support
licence-condition-review,"Licence Condition Review",compliance-consultancy,building-compliance-action-plan
licensed-premises-fire-risk-assessment,"Licensed Premises Fire Risk Assessment",fire-risk-assessments,annual-fire-risk-assessment
lift-floor-access-integration-advice,"Lift Floor Access Integration Advice",access-control,access-control-card-programming
light-commercial-decor-and-floor,"Light Commercial Decor and Floor",commercial-fit-out,cat-a-fit-out-support
lime-plastering-support,"Lime Plastering Support",plastering,artex-cover-up-plastering
little-used-outlet-flush-plan,"Little Used Outlet Flush Plan",legionella-risk-assessment,commercial-legionella-risk-assessment
loading-bay-camera-add,"Loading Bay Camera Add",cctv,4k-cctv-system
loft-conversion-aftercare-snag,"Loft Conversion Aftercare Snag",loft-conversions,building-control-loft-support
loft-conversion-electrics-second-fix-liaison,"Loft Conversion Electrics Second Fix Liaison",loft-conversions,building-control-loft-support
loft-conversion-first-fix,"Loft Conversion First Fix",electrics-first-fix,back-box-installation
loft-conversion-soundproof-floor,"Loft Conversion Soundproof Floor",loft-conversions,building-control-loft-support
loft-ensuite-building-works,"Loft Ensuite Building Works",loft-conversions,building-control-loft-support
loft-fire-escape-window,"Loft Fire Escape Window",loft-conversions,building-control-loft-support
loft-hatch-compartmentation,"Loft Hatch Compartmentation",fire-compartmentation,block-compartmentation-upgrade
loft-hatch-insulation,"Loft Hatch Insulation",insulation,cold-bridging-insulation-works
loft-hatch-joinery,"Loft Hatch Joinery",joinery,architrave-installation
loft-hatch-trimmer,"Loft Hatch Trimmer",carpentry,carpentry-services
loft-insulation-between-rafters,"Loft Insulation Between Rafters",loft-conversions,building-control-loft-support
loft-party-wall-awareness-pack,"Loft Party Wall Awareness Pack",loft-conversions,building-control-loft-support
loft-staircase-fire-enclosure,"Loft Staircase Fire Enclosure",loft-conversions,building-control-loft-support
loft-steel-beam-bearing-support,"Loft Steel Beam Bearing Support",loft-conversions,building-control-loft-support
loft-velux-flashings,"Loft Velux Flashings",loft-conversions,building-control-loft-support
